,tSNE_1,tSNE_2
D28.1_1,2.192018626,-1.567750353
D28.1_2,-25.43484236,-3.268776143
D28.1_3,28.38285817,6.158893565
D28.1_4,15.74321707,-19.01722856
D28.1_13,-10.75348488,-29.34462118
D28.1_15,0.990808849,-0.550637662
D28.1_17,6.561115795,1.584601645
D28.1_26,-26.02255484,-3.558559356
D28.1_29,1.014654446,-4.182093633
D28.1_30,-2.424550596,-1.593256014
D28.1_37,-32.00778433,17.97020365
D28.1_38,-37.23454117,16.01382671
D28.1_39,8.216383491,9.518496358
D28.1_40,-10.75415433,3.449752647
D28.1_41,4.235608579,-1.802854952
D28.1_43,21.84894753,-7.12351139
D28.1_49,-16.88047774,-28.62366306
D28.1_50,-32.71085607,18.57183986
D28.1_51,1.244061893,-1.139368774
D28.1_52,-10.01225816,-26.11339545
D28.1_55,-34.31669107,16.97561207
D28.1_61,27.16285887,1.180656257
D28.1_62,-31.33122885,18.68844991
D28.1_63,8.344886038,12.30865728
D28.1_65,25.11181445,-10.01578158
D28.1_66,-12.07727223,-23.38497427
D28.1_67,-37.13431252,15.71926521
D28.1_68,-31.01468589,20.54315873
D28.1_73,-40.55368599,12.97925446
D28.1_74,12.73796356,2.852019332
D28.1_75,0.449551394,-5.22561982
D28.1_76,22.50909708,13.20980229
D28.1_77,-11.6625884,-28.86332549
D28.1_80,-19.08295018,-15.48133333
D28.1_85,8.20696327,-5.054840385
D28.1_86,-37.76093688,17.18675682
D28.1_87,-27.18437289,27.39686857
D28.1_88,13.12381152,8.686631467
D28.1_89,30.8115398,4.880715974
D28.1_90,-13.7902969,-28.81061441
D28.1_91,-19.8888103,-20.82295563
D28.2_1,-31.79861765,19.84869225
D28.2_2,-1.954867703,-2.780823753
D28.2_4,-29.38201174,22.30007589
D28.2_5,3.955570896,-3.729309374
D28.2_13,-10.10957361,-19.08453219
D28.2_15,-28.29612503,22.09663068
D28.2_16,-12.85438564,-30.14944228
D28.2_17,-10.75025184,-24.21722254
D28.2_18,-29.51266348,28.90682811
D28.2_26,-15.18153022,-28.95182324
D28.2_28,3.287860372,-3.445011266
D28.2_29,-10.0203108,-24.64544059
D28.2_37,23.5222958,10.55112655
D28.2_38,8.454950663,-19.40863782
D28.2_39,-27.40939928,25.90647358
D28.2_40,-14.96335427,-28.93118287
D28.2_41,-42.29766904,-6.882676372
D28.2_42,-28.48480322,22.88257817
D28.2_43,4.702846157,-3.539560335
D28.2_49,-37.12118133,12.27783428
D28.2_51,5.930747237,-1.688099388
D28.2_52,4.251718287,-2.637686602
D28.2_53,-37.75290232,12.41603657
D28.2_61,-27.28313926,19.57777742
D28.2_63,26.1961461,5.945899986
D28.2_64,-9.3001669,-19.96198016
D28.2_65,5.187394773,-4.230431175
D28.2_66,-28.03089333,-6.250717101
D28.2_68,14.58180802,6.359837745
D28.2_73,8.10195812,-19.43426678
D28.2_74,-31.30888826,14.21432518
D28.2_75,-37.81860623,12.03819081
D28.2_76,-25.91784795,-2.883816306
D28.2_78,-38.93409984,15.48143515
D28.2_79,-27.59376459,-5.617026337
D28.2_85,5.502644183,-4.202853211
D28.2_86,-28.90434522,25.51956017
D28.2_87,-33.60291007,18.36860902
D28.2_89,-28.38845156,24.86292622
D28.2_90,10.9372387,-0.314968049
D28.2_91,26.90375779,5.227687083
D28.3_3,2.752048462,-2.055342029
D28.3_4,-37.6843788,13.04694485
D28.3_5,-6.398529155,-0.749686603
D28.3_6,8.890368136,-28.86797546
D28.3_7,0.908928884,-3.102959122
D28.3_8,1.155800476,-0.828162733
D28.3_13,0.866964919,-4.888218575
D28.3_14,26.42424502,5.633682334
D28.3_15,-7.403144203,-0.840846751
D28.3_16,31.54488686,2.246333425
D28.3_17,-28.07983908,-6.330077816
D28.3_18,27.74626898,11.48166064
D28.3_25,-30.08628403,24.68397946
D28.3_26,-30.93863726,16.92642326
D28.3_27,15.9715595,-15.23188455
D28.3_28,-31.72916705,18.94198938
D28.3_29,-10.64920925,-19.05642387
D28.3_30,9.006694623,-19.43370189
D28.3_31,-29.47446395,29.69205214
D28.3_37,21.04747813,-15.60947347
D28.3_38,-2.827748844,-1.116114065
D28.3_40,-34.05448711,14.62927108
D28.3_41,20.13149175,-8.568324413
D28.3_42,-0.727008735,-3.117653882
D28.3_43,-26.11691195,-3.188220358
D28.3_44,-28.32996807,23.32091098
D28.3_49,-15.39499546,-14.62936257
D28.3_50,-34.05877816,21.92362432
D28.3_51,-31.90722536,16.31101979
D28.3_52,-32.10849588,14.65581846
D28.3_53,-13.78467499,-23.06375921
D28.3_54,-10.79073657,-28.03893321
D28.3_55,5.52130136,-2.122162957
D28.3_61,27.69054093,-2.493758633
D28.3_62,-39.6580778,14.23204737
D28.3_63,-9.60518909,-19.5794368
D28.3_64,-15.55376489,7.906635268
D28.3_65,-30.99903398,18.06234938
D28.3_68,5.526560855,9.772642597
D28.3_69,3.332493257,-0.588359243
D28.3_73,-16.27945569,-28.66634641
D28.3_75,-30.69739916,16.86755287
D28.3_76,0.30028031,-3.692723463
D28.3_77,-27.78328903,27.22823136
D28.3_78,26.43287305,4.72485994
D28.3_79,-11.48773395,4.138229421
D28.3_85,-27.69838578,23.12596638
D28.3_86,-10.76718035,-27.78345694
D28.3_88,-27.55083234,-5.548478999
D28.3_89,22.22822779,-8.678010746
D28.3_90,-27.12869192,26.43404051
D28.3_91,-28.97508968,17.66367184
D28.3_92,2.473059585,-2.157072917
D28.4_1,-27.54657554,-5.575005257
D28.4_3,26.7749248,1.029224825
D28.4_4,-39.6769409,13.06127038
D28.4_13,-1.005006809,-2.127782366
D28.4_14,-37.51011618,-8.038704156
D28.4_15,-0.70083341,2.568593884
D28.4_17,-32.19046091,23.79363601
D28.4_22,-13.610066,-17.34005339
D28.4_26,26.06923866,6.04672657
D28.4_27,1.671208957,-3.285060279
D28.4_28,-40.87971212,12.76925607
D28.4_29,1.241414686,-3.612708039
D28.4_30,4.613049476,-1.37280188
D28.4_31,8.359062322,-18.52624933
D28.4_37,4.307517761,-3.286670999
D28.4_38,28.02484352,6.486771001
D28.4_39,2.080435367,-2.974931155
D28.4_40,-40.1296645,12.93358321
D28.4_41,5.228635179,-2.68237779
D28.4_43,-10.21314634,-23.92022455
D28.4_49,-34.99655063,15.55468611
D28.4_50,-13.51288723,-30.15757317
D28.4_51,-30.65245083,17.58100363
D28.4_52,-10.05460175,-19.24345866
D28.4_53,-37.08682521,18.52313989
D28.4_54,-31.35396702,15.74103019
D28.4_55,-10.60955088,-28.04220755
D28.4_56,0.628534263,-5.078526734
D28.4_61,-31.51388219,14.82890262
D28.4_62,0.558632086,-4.19885681
D28.4_63,-27.98152623,28.34560706
D28.4_65,4.93546572,-3.535929898
D28.4_67,-30.88666564,14.13128814
D28.4_73,-9.272435569,-19.98772174
D28.4_74,-11.27126098,-29.70509172
D28.4_75,-38.56389595,14.00825922
D28.4_76,2.366313404,-3.369675725
D28.4_77,8.031560094,-18.96546037
D28.4_78,-14.33435973,-30.37817159
D28.4_85,-27.9826675,28.08057134
D28.4_86,-28.47948351,22.45668529
D28.4_87,-0.459626256,-1.942435803
D28.4_88,19.87362343,-9.026641949
D28.4_89,-36.54043126,13.80336091
D28.4_90,26.15278112,5.065340764
D28.4_91,-10.84880298,-27.22400445
D29.1_1,-9.136839145,1.633398505
D29.1_2,-25.86263452,-2.868608328
D29.1_3,34.2392149,8.460599789
D29.1_4,-0.203670661,19.40316814
D29.1_6,-5.82807399,24.55156178
D29.1_7,8.203821849,13.12230718
D29.1_8,23.28408117,-16.61234344
D29.1_11,-14.27287518,5.735683112
D29.1_12,27.78693019,15.31426751
D29.1_13,-7.833209044,23.11815468
D29.1_15,23.41697127,17.26097685
D29.1_16,28.71945805,5.017920439
D29.1_17,0.364292538,22.73920711
D29.1_18,7.679397444,17.88573856
D29.1_19,-12.75280004,16.2776452
D29.1_20,-3.463900805,18.04027333
D29.1_21,24.39418212,-17.14832907
D29.1_24,22.72862663,-15.8014775
D29.1_26,2.640802808,16.20153162
D29.1_27,2.91840988,19.05075162
D29.1_29,-9.386767255,20.77267297
D29.1_30,9.437251301,21.30956982
D29.1_32,-12.71870156,21.41679291
D29.1_33,35.2101086,8.809071878
D29.1_34,-4.102042174,14.73177025
D29.1_35,21.44235853,14.48135783
D29.1_36,24.58551203,-11.4188111
D29.1_37,12.05272166,12.39638097
D29.1_38,-7.653579114,11.45279132
D29.1_39,33.81781887,-2.753148668
D29.1_40,25.80988944,-15.17589623
D29.1_41,-6.529514818,16.33259963
D29.1_42,35.56526747,9.476971525
D29.1_44,-13.85194927,5.84949527
D29.1_45,31.40544983,11.7210252
D29.1_46,-3.00714427,17.49128755
D29.1_47,0.260031101,16.71167257
D29.1_48,14.23258499,-23.43882939
D29.1_49,30.66125609,-0.253162592
D29.1_50,-3.393065586,10.34806144
D29.1_51,-12.68419518,15.27644235
D29.1_52,15.298582,-22.47897094
D29.1_53,18.13059085,-14.48561097
D29.1_54,-13.06341911,-18.4149953
D29.1_55,9.210865881,7.611718912
D29.1_56,33.67549876,10.04850998
D29.1_57,31.07073584,-4.169694616
D29.1_58,29.77698989,13.10000682
D29.1_59,-2.691418813,13.74436405
D29.1_60,12.57987019,2.875203425
D29.1_61,-39.77781744,-7.988621714
D29.1_62,-5.778456851,17.87891651
D29.1_65,-17.1128554,-19.12026799
D29.1_66,23.6930151,13.27782782
D29.1_67,28.21479586,11.80236954
D29.1_68,-31.40483892,26.41166391
D29.1_69,1.235388674,4.317193036
D29.1_70,17.58778053,-23.10748719
D29.1_71,27.68819096,15.82760967
D29.1_72,31.26418736,12.57158258
D29.1_73,27.32417077,17.82504403
D29.1_74,36.46272274,6.147441809
D29.1_75,24.49510443,-16.30760585
D29.1_76,-10.77890569,5.616174047
D29.1_77,13.89247373,-19.75173336
D29.1_78,12.29438999,-28.60582042
D29.1_79,26.0604374,-16.2108392
D29.1_80,-6.807264676,7.193779532
D29.1_81,13.55394786,-29.7928712
D29.1_82,9.865935459,-29.98944833
D29.1_83,35.29663134,4.321649127
D29.1_84,18.86295448,-23.32246784
D29.1_86,26.57504411,17.30349004
D29.1_87,-4.72152717,18.61147521
D29.1_88,16.62720662,-21.06234082
D29.1_89,-3.836273424,5.720226209
D29.1_90,33.10132192,2.272054633
D29.1_92,15.83037414,-28.61041486
D29.1_93,35.79268907,3.236623408
D29.1_94,20.45237127,-30.40529405
D29.2_1,-40.82964174,-5.84569771
D29.2_3,11.6452079,0.781702395
D29.2_4,33.04292966,0.689350678
D29.2_5,24.64720198,-16.10077104
D29.2_6,8.400234182,5.018884471
D29.2_7,-17.1627136,-16.56845618
D29.2_8,-5.932863455,11.48518198
D29.2_9,35.63950679,8.122094541
D29.2_10,29.78935749,-1.709702277
D29.2_11,23.09768304,-19.03229897
D29.2_12,-15.73305893,-23.9921402
D29.2_13,-7.422140716,14.30521444
D29.2_15,8.876094863,18.16139127
D29.2_16,36.73518533,1.29601444
D29.2_18,24.76624832,-17.02336755
D29.2_19,29.81595459,13.00151521
D29.2_20,8.501708099,-31.90139112
D29.2_22,6.723821551,19.90166332
D29.2_24,23.90241473,-16.80313925
D29.2_25,-8.445425573,16.50026524
D29.2_26,13.80897121,-22.25848857
D29.2_27,17.01528193,-20.31346093
D29.2_28,2.765994553,14.06472191
D29.2_30,25.44055602,-15.39002294
D29.2_31,-11.30236357,20.66190792
D29.2_33,-4.74117575,7.193058902
D29.2_34,36.16521718,7.256149992
D29.2_35,1.14117819,14.41388346
D29.2_37,2.616925482,1.29582761
D29.2_38,-13.47760884,18.64826358
D29.2_39,5.983259668,5.790525523
D29.2_41,1.083890369,5.331423363
D29.2_42,29.58159076,13.01470477
D29.2_43,25.78035474,17.10200106
D29.2_45,-0.912619653,11.86171727
D29.2_46,35.90045656,6.762239855
D29.2_47,26.09623854,17.5674803
D29.2_48,-0.711853189,15.72155386
D29.2_49,-27.41935446,-5.340398024
D29.2_50,18.10396601,-22.64791205
D29.2_51,-8.588335416,15.59796679
D29.2_52,-6.639543498,16.80693932
D29.2_53,14.94783845,-24.79493038
D29.2_54,24.34566841,-7.88204517
D29.2_56,14.45447471,-22.83742183
D29.2_57,-19.42839072,-20.25823146
D29.2_58,26.95305641,16.78709864
D29.2_59,29.74021,13.3522075
D29.2_60,12.78183896,-23.97922951
D29.2_61,-15.77169657,-21.83916085
D29.2_62,23.86450499,-18.35039793
D29.2_63,-19.23493989,-20.48382083
D29.2_64,28.67610324,13.63063738
D29.2_65,-13.50550214,-21.92554423
D29.2_66,22.94442614,-18.63935465
D29.2_67,-1.716667696,10.86547504
D29.2_68,27.42776743,15.86059727
D29.2_69,-5.306449163,14.51003909
D29.2_70,8.497248289,-32.72860823
D29.2_71,1.841603967,12.82037049
D29.2_72,12.92625901,-16.74827788
D29.2_74,-8.065107447,5.830331789
D29.2_75,-10.49527242,18.45900047
D29.2_76,8.155782672,20.59358761
D29.2_78,26.33376765,15.58001213
D29.2_79,19.53659405,-28.04944425
D29.2_80,8.192277703,-31.35867948
D29.2_81,7.898655492,-32.09089925
D29.2_82,36.36550189,6.554737078
D29.2_84,2.113329793,14.21849665
D29.2_87,29.42130729,13.72610955
D29.2_88,-16.73102834,-14.81543362
D29.2_89,20.44753966,-20.38421442
D29.2_90,2.678431617,21.79339905
D29.2_91,-8.941194026,14.06117419
D29.2_92,26.95995021,17.10502879
D29.2_93,-12.66733304,16.43078279
D29.2_94,1.970142585,24.19898381
D29.3_1,7.314498292,7.744037036
D29.3_3,-7.800276161,23.19287107
D29.3_5,7.449150255,-25.19816097
D29.3_6,-31.30716016,27.83712063
D29.3_7,24.21296073,-18.44099649
D29.3_8,33.56618561,9.845081155
D29.3_9,35.38216262,8.642409164
D29.3_11,35.83038009,4.333340069
D29.3_12,-17.29691403,-13.17220998
D29.3_13,36.36277063,3.129308451
D29.3_15,25.77475852,18.27341568
D29.3_16,22.86429622,16.68493762
D29.3_17,-16.83407837,-15.65132115
D29.3_18,6.755061702,17.59400369
D29.3_21,20.86832401,-24.92216049
D29.3_22,0.984446464,23.31554662
D29.3_23,24.05854961,-11.44397848
D29.3_24,20.81464789,-28.35478471
D29.3_25,-4.806233993,23.53331065
D29.3_28,25.0481772,-15.42594269
D29.3_29,-11.92772521,18.30400234
D29.3_30,-14.37453596,16.80444286
D29.3_31,-5.118536526,23.70077308
D29.3_32,30.11846929,14.59256804
D29.3_33,1.353722419,22.06253149
D29.3_34,4.618900216,17.66322322
D29.3_36,34.36312843,-4.029753429
D29.3_37,13.23672955,-23.69000977
D29.3_38,5.070855311,16.93719573
D29.3_39,22.13702648,-19.54555945
D29.3_40,-8.470322363,22.76246716
D29.3_42,3.504991946,5.777786836
D29.3_43,33.96834664,4.406893298
D29.3_44,28.41916624,14.6590597
D29.3_45,30.67683179,-2.676288796
D29.3_47,-8.64622733,6.580860601
D29.3_48,21.4531739,-18.54722294
D29.3_49,0.837485895,-1.726451241
D29.3_51,18.18743634,-30.52377818
D29.3_52,19.49243358,-21.86822197
D29.3_53,-10.0240349,17.56017931
D29.3_54,-6.855827542,7.377275185
D29.3_56,-1.536260651,8.985013306
D29.3_57,31.10725367,6.602380737
D29.3_58,32.16484871,-4.090938547
D29.3_59,20.93880919,-29.9566216
D29.3_60,-15.5671304,14.10705005
D29.3_61,17.09593946,-20.16064335
D29.3_64,18.2500324,-14.99375439
D29.3_66,-10.32395418,8.315287862
D29.3_68,34.13567241,6.912958069
D29.3_69,36.14450008,7.083497443
D29.3_71,25.70730388,16.77700229
D29.3_72,2.392586114,20.01326882
D29.3_73,-37.87081046,-7.593418686
D29.3_74,-7.980507409,7.284940402
D29.3_76,-8.392372628,15.67118999
D29.3_77,6.768836399,6.023730606
D29.3_78,9.122520684,-31.9875514
D29.3_79,2.276286396,23.49987122
D29.3_81,3.260550062,20.20817921
D29.3_82,30.17656229,13.02473853
D29.3_83,26.27521859,1.191415772
D29.3_84,-6.228459953,20.21323905
D29.3_85,34.33141854,7.964523176
D29.3_86,21.20144539,-16.51556523
D29.3_87,25.27319932,-17.55771895
D29.3_92,-9.131322097,6.55278977
D29.3_93,-12.47249873,20.96618457
D29.3_94,19.09299823,-25.11773916
D29.4_2,-7.678196553,12.12527
D29.4_3,21.43223117,14.42022174
D29.4_4,27.19959976,16.75764135
D29.4_5,-2.758072533,21.9274702
D29.4_6,24.15806961,17.55265337
D29.4_8,-46.12644575,-6.244285584
D29.4_9,-13.02677643,21.53268243
D29.4_12,1.300474488,12.67820166
D29.4_13,-8.127680301,18.6753929
D29.4_15,-15.75472066,15.29310908
D29.4_16,-6.149075876,23.18008675
D29.4_17,35.74891841,5.609105814
D29.4_18,-13.99725046,12.33577693
D29.4_19,22.22701457,-18.01769698
D29.4_20,25.48626908,16.95020138
D29.4_22,-15.59768961,13.5238478
D29.4_23,19.88220032,-15.78074017
D29.4_25,1.985764556,19.53919403
D29.4_26,-6.806894511,16.49760091
D29.4_27,17.42005605,-22.80905721
D29.4_28,-14.33068319,5.672390717
D29.4_29,2.793987033,15.97927477
D29.4_30,6.242659983,19.9355903
D29.4_31,18.835469,-29.93832749
D29.4_33,-15.35946709,17.26714523
D29.4_34,-6.845689239,20.33160363
D29.4_35,-10.50175838,3.306454154
D29.4_38,-7.813391124,20.33406381
D29.4_39,14.27116054,-28.39037913
D29.4_41,34.96271316,2.915345855
D29.4_42,13.32949119,-30.53441698
D29.4_43,32.19033362,11.02765899
D29.4_44,17.43284915,-23.58762352
D29.4_45,-15.92893118,-19.12891817
D29.4_46,2.108680095,3.942621852
D29.4_47,-10.14945159,-21.28145041
D29.4_48,25.95090628,18.35776946
D29.4_49,-0.369295339,15.92288838
D29.4_50,-7.254951327,8.893100656
D29.4_51,-15.57256572,11.40484231
D29.4_52,18.6395566,-29.53878508
D29.4_53,-6.942473237,9.626832044
D29.4_55,-7.910435335,6.726933008
D29.4_56,-1.132396641,10.41413689
D29.4_57,1.364121814,12.64448995
D29.4_58,-14.20769715,14.87862195
D29.4_59,22.920153,-18.76576171
D29.4_60,-4.654059074,14.37277323
D29.4_61,-7.402952415,10.96072986
D29.4_62,-7.12222729,11.01023163
D29.4_63,27.9603408,-8.776704002
D29.4_64,33.65721856,7.707560688
D29.4_65,-14.90537416,18.42621936
D29.4_66,1.191147398,7.919862735
D29.4_67,23.15262529,-17.68354321
D29.4_68,-12.16548566,15.62747313
D29.4_70,-10.6323437,9.30811857
D29.4_72,-4.705262309,16.50475003
D29.4_73,23.99393164,-18.13382251
D29.4_74,-15.81869892,12.36156525
D29.4_75,-10.03490188,17.71571134
D29.4_77,-12.51462545,13.73714537
D29.4_79,19.08485914,-21.97281465
D29.4_80,-0.084071978,20.23977325
D29.4_81,32.06375345,11.93161078
D29.4_82,-46.38467782,-6.176848542
D29.4_83,33.51526365,7.97792593
D29.4_84,12.36866424,1.248154063
D29.4_85,-12.72768807,13.50869579
D29.4_86,22.63929345,16.0190277
D29.4_88,19.02775172,-28.05151843
D29.4_90,35.51347006,9.327136439
D29.4_92,17.44539382,-19.0363189
D29.4_93,-2.144556847,12.57449543
D29.4_94,10.15470174,-23.12228708
D29.5_3,-2.801421411,14.04277187
D29.5_6,32.32658449,11.20291577
D29.5_7,-7.297439461,22.28304397
D29.5_8,-10.12884414,9.703644706
D29.5_10,10.13568838,-28.52292664
D29.5_11,-6.256127233,17.16678467
D29.5_12,11.55054027,-27.74543175
D29.5_14,18.81020048,-26.69818842
D29.5_17,8.388637158,22.2345534
D29.5_18,12.24182388,15.18337085
D29.5_19,1.045519672,15.04038554
D29.5_20,18.20060563,-14.60656854
D29.5_21,10.74957332,-26.01294729
D29.5_22,14.08708115,-30.83422224
D29.5_23,14.52891981,-23.99423525
D29.5_24,-3.002625274,15.87120726
D29.5_30,20.43112717,-28.41172188
D29.5_31,-4.23604153,22.5950009
D29.5_32,31.80943007,-4.049046692
D29.5_33,-14.78941368,17.83557672
D29.5_34,18.46918303,-25.7434775
D29.5_35,7.177938446,12.06935227
D29.5_36,35.19713874,1.508361742
D29.5_37,22.59376044,-16.89416678
D29.5_39,-4.339531225,21.98125665
D29.5_40,25.82981584,-15.93618848
D29.5_43,-1.38317213,14.02455264
D29.5_44,3.959176807,23.83891966
D29.5_46,8.932633606,15.22115426
D29.5_47,35.47517005,2.688085794
D29.5_48,19.13351649,-29.66388547
D29.5_49,1.093779335,-0.50627289
D29.5_51,9.359576771,21.34573319
D29.5_52,21.2029996,-18.37989701
D29.5_53,9.68977421,-30.90047947
D29.5_54,4.916429991,15.76041125
D29.5_55,15.6093514,-25.01475258
D29.5_56,8.070651566,3.673156309
D29.5_57,-8.935316703,8.676087046
D29.5_58,15.99610629,-28.12564239
D29.5_59,-2.789945194,14.53150686
D29.5_60,18.2318892,-15.1375071
D29.5_61,23.0129748,-15.45119954
D29.5_62,17.94512586,-31.33889933
D29.5_63,17.9634444,-16.27202707
D29.5_64,-18.04205748,-15.90622289
D29.5_65,-1.781430481,-0.620804562
D29.5_66,33.00755401,4.025370218
D29.5_67,6.410918367,-4.530465863
D29.5_68,5.368698466,10.38445824
D29.5_69,18.89757836,-26.43864701
D29.5_70,20.22725444,-25.17825258
D29.5_71,-10.26818293,18.75949786
D29.5_73,-31.19007936,26.78940643
D29.5_75,-3.467228893,21.45353509
D29.5_76,29.65573127,9.197267423
D29.5_77,28.40859806,7.099009317
D29.5_78,-29.86558432,29.03440162
D29.5_79,26.85163883,13.98948249
D29.5_82,-4.594174068,1.439439253
D29.5_83,30.57915804,8.957817521
D29.5_86,15.15284704,-27.70519363
D29.5_87,8.00437086,11.58198126
D29.5_89,-19.02847743,-21.14951028
D29.5_91,17.74762231,-29.69349187
D29.5_92,-3.447030486,18.14045696
D29.6_1,1.918848395,23.39773962
D29.6_3,17.66264334,-29.29527619
D29.6_4,30.44449713,14.15035989
D29.6_6,23.76958185,17.04953568
D29.6_8,-11.38178606,17.57946695
D29.6_9,25.82640188,17.60107418
D29.6_10,33.9504757,10.21667552
D29.6_11,24.92904356,17.89651472
D29.6_16,19.82243197,-28.42066447
D29.6_17,-12.1869176,18.04788356
D29.6_19,1.346834529,15.30043896
D29.6_21,-8.137300686,21.03018279
D29.6_22,32.3894445,9.950345223
D29.6_24,0.492689206,16.43157527
D29.6_26,-16.05540388,17.73295973
D29.6_27,-0.111009861,24.55377569
D29.6_28,24.085531,-17.80039289
D29.6_29,-0.177134408,19.49876394
D29.6_30,31.88478146,-0.906752208
D29.6_32,20.02913706,-30.02159563
D29.6_33,21.81014835,16.4909196
D29.6_34,-0.796305795,14.81746124
D29.6_38,-11.85421005,15.70936174
D29.6_39,20.46471256,-30.41585987
D29.6_40,-4.725377495,22.74344948
D29.6_41,-0.714815503,12.00365002
D29.6_42,22.59986964,13.35332732
D29.6_43,17.85052131,-27.62812341
D29.6_44,35.48991776,4.545583837
D29.6_46,33.89953324,9.610931822
D29.6_48,2.587509668,19.70659706
D29.6_50,19.24092011,-30.15322144
D29.6_51,-15.01010951,17.94869534
D29.6_52,-6.955428255,22.50554058
D29.6_53,-3.635637775,17.91204173
D29.6_54,1.940633854,23.23252847
D29.6_55,25.40645992,15.25833977
D29.6_56,9.491593294,-31.9323688
D29.6_57,-5.789022944,18.39310377
D29.6_58,1.548351369,17.52333379
D29.6_59,13.85426915,-29.20783214
D29.6_60,1.189597715,24.53723568
D29.6_62,15.79879982,-30.39505414
D29.6_63,34.76761294,2.681104761
D29.6_64,4.663844564,5.403737742
D29.6_65,-7.968830905,22.47881784
D29.6_66,28.42344917,-0.379295848
D29.6_67,18.94745267,-30.26277637
D29.6_69,-15.42624745,17.53940294
D29.6_70,7.9878039,-30.16567203
D29.6_72,18.34885905,-29.12928725
D29.6_77,11.89416063,-29.83907615
D29.6_78,7.282833512,10.31834641
D29.6_79,14.0666375,-28.84456747
D29.6_80,18.76169618,-26.97216067
D29.6_82,-15.00936216,18.87093022
D29.6_84,-4.56731347,18.15126056
D29.6_86,8.249554515,22.11809989
D29.6_87,35.02639888,7.871839438
D29.6_88,25.71991746,17.10316352
D29.6_89,-12.13221634,21.17216645
D29.6_90,-14.22087407,14.10712074
D29.6_91,-5.832097587,22.32551529
D29.6_94,3.69823276,23.55573548
D29.7_1,2.030388376,11.25019421
D29.7_2,18.80728466,-28.85933294
D29.7_3,20.86932159,-25.87027031
D29.7_4,26.99652173,10.18775718
D29.7_5,-31.18232388,27.02978161
D29.7_6,-0.143650457,21.40035437
D29.7_8,22.87815384,16.75884434
D29.7_12,8.747359763,-31.84861701
D29.7_14,21.60355408,-18.3029561
D29.7_17,20.73993019,-25.93711694
D29.7_18,-26.38082381,-3.908767054
D29.7_19,34.97599514,3.5017502
D29.7_20,-16.24429133,-14.52353782
D29.7_21,32.07210664,10.79139994
D29.7_23,7.870170706,-4.979569217
D29.7_25,-5.814501654,22.01199784
D29.7_28,25.60084455,15.25156989
D29.7_30,25.59927264,16.03341158
D29.7_31,24.48666831,-17.50541352
D29.7_32,0.427863454,17.58591487
D29.7_33,1.231779798,24.31828302
D29.7_34,26.1529877,16.39991989
D29.7_35,28.20832484,16.54416422
D29.7_36,27.76573392,15.60290203
D29.7_37,8.184636007,-30.61913346
D29.7_38,-1.979655963,20.27214181
D29.7_39,22.66187841,-17.03184548
D29.7_40,27.60846787,17.59485554
D29.7_41,17.05066458,-25.29065013
D29.7_42,20.0535976,-21.72654282
D29.7_43,-10.24636689,19.04817259
D29.7_44,-7.06353794,9.414783735
D29.7_45,22.18992484,-17.19055115
D29.7_46,-2.66504936,-1.721128818
D29.7_47,-8.409586254,15.12765213
D29.7_48,21.04097489,-21.60656597
D29.7_49,-32.66692178,19.94022534
D29.7_50,-5.859483906,24.22432679
D29.7_51,-11.08598423,19.5665545
D29.7_52,21.43119817,-29.56297051
D29.7_54,31.52988264,-4.153165592
D29.7_55,-12.09420381,14.05995627
D29.7_56,7.167414039,4.56058246
D29.7_57,0.008030046,19.53774764
D29.7_58,12.85526883,-20.469822
D29.7_59,-4.359763488,16.11227361
D29.7_60,35.15921855,10.30648886
D29.7_61,28.0248026,11.47582596
D29.7_62,30.35321681,2.886827412
D29.7_63,33.25139499,10.69329487
D29.7_64,-2.301297151,11.44281676
D29.7_65,7.865852109,3.019786174
D29.7_68,9.549757873,-30.1984433
D29.7_69,23.60632255,-19.01580732
D29.7_70,-10.77238705,5.873675074
D29.7_71,12.66544869,1.314617941
D29.7_72,-11.39321046,4.217995046
D29.7_73,3.630004112,7.281440087
D29.7_74,9.13794202,-24.94981896
D29.7_75,19.72837346,-20.86358051
D29.7_76,0.28874978,21.01557098
D29.7_77,29.76189761,13.58858462
D29.7_78,32.83315221,9.608861308
D29.7_79,32.83484705,1.60060614
D29.7_80,-12.30536218,16.16840435
D29.7_81,35.58523287,4.111421467
D29.7_82,-9.478035508,20.46166808
D29.7_84,-16.0501526,11.55081083
D29.7_85,23.78296639,17.01188399
D29.7_86,18.77634578,-28.83552533
D29.7_87,14.52865509,-25.18414875
D29.7_89,25.91212181,17.74766035
D29.7_90,2.010552887,20.77994137
D29.7_92,-12.27571739,16.94960798
D29.7_93,26.51969388,15.82780296
D29.7_94,26.4386497,16.76952633
D29.8_2,-10.93382029,20.54450565
D29.8_4,-44.52395256,-5.452382953
D29.8_7,-15.16073088,11.70712995
D29.8_8,21.01883056,-26.22582845
D29.8_10,32.43364834,6.802611119
D29.8_11,18.96355883,-30.87187417
D29.8_12,18.67886623,-22.88414532
D29.8_13,32.9950589,10.34218605
D29.8_14,1.331663042,23.05221982
D29.8_15,25.32810882,3.549036461
D29.8_18,-14.0134268,15.64413531
D29.8_19,30.03048579,14.72571611
D29.8_20,-6.441574517,17.20710595
D29.8_23,17.80630953,-28.3073747
D29.8_24,-1.193029247,21.79050375
D29.8_25,6.722900397,-4.684395042
D29.8_27,-13.5675517,16.84388927
D29.8_29,-11.27183,19.39507515
D29.8_30,-16.22572698,17.66501135
D29.8_32,-10.8751575,20.82108862
D29.8_33,-9.032881984,16.72318629
D29.8_34,25.42726788,-17.10224744
D29.8_35,0.190095536,21.1354811
D29.8_37,-5.783799612,24.80533577
D29.8_39,-13.68569049,14.95686048
D29.8_40,-10.44180722,20.09146083
D29.8_43,27.24834458,17.96695428
D29.8_45,-9.607161594,22.09423116
D29.8_46,36.45108811,8.504383521
D29.8_48,25.20244112,17.72663156
D29.8_49,25.81207192,-16.71493773
D29.8_50,8.470442378,-32.2544027
D29.8_51,6.26048251,20.98893192
D29.8_52,-35.43033323,-8.816656028
D29.8_54,33.30072201,2.661485155
D29.8_55,-9.23196819,21.94659971
D29.8_56,-11.25985296,17.76249008
D29.8_59,0.897273645,24.12903731
D29.8_60,6.810435357,20.65822119
D29.8_62,30.19604108,-5.032285327
D29.8_63,-18.87031877,-27.62056797
D29.8_64,-7.830179103,10.87624521
D29.8_65,-9.934642321,15.82194624
D29.8_66,-15.37024857,13.86976036
D29.8_67,-27.35652047,-5.255596042
D29.8_68,33.35426038,9.777880759
D29.8_72,31.36801403,12.55516068
D29.8_73,29.44606285,12.41681254
D29.8_74,14.56260702,-27.82749763
D29.8_75,-16.32871187,-21.78032988
D29.8_76,-0.301991142,23.74892694
D29.8_77,-3.721281956,3.720957794
D29.8_79,36.81712437,1.371171833
D29.8_80,31.97185764,-0.889330452
D29.8_81,29.76469632,11.7869697
D29.8_82,-7.314003988,13.30390292
D29.8_83,36.52056864,9.222666819
D29.8_84,-9.062701714,15.33352167
D29.8_86,12.82066133,1.49899841
D29.8_87,19.79563778,-21.51327747
D29.8_88,-16.91057271,-28.95800521
D29.8_90,12.02481076,-28.37639668
D29.8_91,19.84802176,-28.10354926
D29.8_94,19.5529042,-30.07844479
D31.1_1,23.59086273,-12.21433131
D31.1_2,9.472065969,12.59506241
D31.1_4,9.218578822,10.33278553
D31.1_5,-35.05080287,18.07419104
D31.1_6,28.97295937,5.138985224
D31.1_7,-32.76029977,20.91754409
D31.1_8,-0.568061511,0.296847401
D31.1_9,-36.97672648,13.53596063
D31.1_10,30.84378631,2.38511007
D31.1_11,-38.54336524,17.87578222
D31.1_12,-10.70631914,-25.31982062
D31.1_14,10.10088668,-20.5261622
D31.1_15,29.9790175,0.553583848
D31.1_16,-15.52266937,-15.97859808
D31.1_17,-4.269281496,0.945507531
D31.1_19,-27.36087986,19.0680189
D31.1_20,14.70341909,-16.0371453
D31.1_21,-31.59220728,15.78928303
D31.1_22,-29.70014487,19.0018841
D31.1_23,-40.38185293,-6.96070779
D31.1_24,-12.85773591,8.219622962
D31.1_25,-32.3160421,15.76063081
D31.1_26,21.42031399,-16.01838953
D31.1_27,-34.93667809,22.01204414
D31.1_28,23.00120158,-8.861888748
D31.1_29,23.6857726,-10.27180895
D31.1_31,13.30957033,8.733503201
D31.1_32,7.939971265,12.82695331
D31.1_33,32.38281161,5.11256194
D31.1_34,22.21739744,-8.20519232
D31.1_35,11.95630542,14.73658068
D31.1_36,-41.48799301,-4.655357838
D31.1_38,27.93370638,-8.253242608
D31.1_39,23.92383525,-6.369460526
D31.1_40,-15.5569296,15.69448106
D31.1_41,-25.32436738,-2.864447179
D31.1_42,7.14320947,-0.417538097
D31.1_43,12.66840741,8.231371467
D31.1_44,-30.11525562,25.03509719
D31.1_45,-27.39475904,20.66237891
D31.1_46,22.54553898,15.00464085
D31.1_47,12.61451056,-18.33180675
D31.1_48,-34.17771943,16.23416987
D31.1_49,12.7469686,9.230693067
D31.1_50,-14.78585757,-16.82623641
D31.1_51,-38.7084112,16.76327682
D31.1_52,8.621628536,20.15852226
D31.1_53,14.71902082,-23.35690566
D31.1_54,16.11176304,-19.89577784
D31.1_55,-18.80098795,-21.78269582
D31.1_56,23.99418382,-6.165640366
D31.1_58,-30.19478204,25.08622003
D31.1_59,3.399870961,-1.331264995
D31.1_60,-5.156560176,-3.405208103
D31.1_61,6.967028974,10.94881843
D31.1_62,-15.73585324,-18.26396216
D31.1_63,10.42494675,-18.26772046
D31.1_64,-0.859350703,11.21456905
D31.1_65,22.16306156,13.69633066
D31.1_66,-5.727748459,-5.360742735
D31.1_67,-6.716230005,-0.761422577
D31.1_68,8.489195163,-29.68786903
D31.1_69,10.30869949,6.37587537
D31.1_70,-28.06318293,28.70782432
D31.1_72,-10.40393762,-26.53955682
D31.1_73,10.78406198,-19.47445176
D31.1_74,22.74178151,-6.522730366
D31.1_75,2.860552452,1.526089873
D31.1_76,-17.48011049,-28.60001826
D31.1_77,-11.43081503,-31.09565817
D31.1_78,5.124160603,10.33787618
D31.1_79,35.34840172,8.087897223
D31.1_80,23.13043267,13.09718643
D31.1_81,21.86328794,13.76080804
D31.1_82,-17.18194927,-22.75457538
D31.1_83,-13.17426091,-25.69135359
D31.1_84,-15.61072621,-23.9380944
D31.1_85,2.349293715,-0.782182963
D31.1_86,12.11077836,-16.75681497
D31.1_87,-0.701296181,-3.377360812
D31.1_88,-26.56458321,26.89958369
D31.1_89,-7.869125939,-0.113835232
D31.1_90,-15.71160096,-24.72149118
D31.1_91,11.86626885,7.996553833
D31.1_92,5.442947399,10.61338061
D31.1_93,-14.68639981,-27.20773435
D31.2_1,24.00198419,-10.36466863
D31.2_2,8.768943666,1.844726391
D31.2_3,22.57777691,-7.411287577
D31.2_4,-35.42552531,-8.822733431
D31.2_5,31.00697059,10.2817275
D31.2_6,-28.64067336,22.19135002
D31.2_7,4.971764583,16.7069217
D31.2_9,-3.53620148,11.6626542
D31.2_10,-17.01174266,-16.53088525
D31.2_11,5.094685173,7.207796377
D31.2_12,30.79397425,8.974142215
D31.2_13,11.89877624,14.34050324
D31.2_14,8.089975916,9.652408915
D31.2_15,-27.80130429,27.91936074
D31.2_17,-13.62416257,-22.90225175
D31.2_18,-28.7072843,29.20137652
D31.2_19,-38.9927362,-6.097447619
D31.2_20,-15.87393274,-17.9861075
D31.2_21,-14.12585591,-20.45101904
D31.2_22,6.389131182,12.79654238
D31.2_23,22.56135217,-7.608166273
D31.2_24,-43.73881052,-6.070428493
D31.2_26,-29.10212486,29.83038254
D31.2_27,7.477306803,-29.2126569
D31.2_28,24.48746738,-10.43789218
D31.2_29,29.81952928,4.49210548
D31.2_30,-28.21951361,21.73698879
D31.2_31,11.94494798,8.685926482
D31.2_32,-3.55261716,-0.1462375
D31.2_33,-3.930941077,0.416878717
D31.2_34,6.680585771,-26.55583208
D31.2_35,-17.9353974,-24.94268946
D31.2_36,32.86041787,4.564740324
D31.2_37,-11.09785965,-24.6405786
D31.2_38,-31.56450751,15.01709693
D31.2_39,4.923381079,8.461857925
D31.2_40,-11.24444685,-27.11029969
D31.2_41,-11.51262725,-29.51139868
D31.2_43,6.47167263,-25.53920207
D31.2_44,3.863257437,9.874256475
D31.2_45,6.411663567,10.44561858
D31.2_46,5.662447862,-30.28657052
D31.2_47,22.77282851,-7.748895695
D31.2_48,12.27111082,-19.01084746
D31.2_49,26.21035594,1.284179347
D31.2_50,7.11812246,15.71606689
D31.2_52,11.01080637,-19.59336311
D31.2_53,-30.7791877,14.17785926
D31.2_54,-15.17147344,-27.65528526
D31.2_55,28.71160118,16.46046544
D31.2_56,11.31802352,13.94500027
D31.2_57,11.44972579,8.502979585
D31.2_58,16.96957063,-16.34293317
D31.2_59,-14.67210504,-17.68273643
D31.2_60,24.09355497,11.91512043
D31.2_61,-28.99824968,17.03402115
D31.2_62,-18.35836269,-16.41330339
D31.2_63,7.610205523,10.80514349
D31.2_64,4.2901776,-0.508059072
D31.2_65,21.67103343,-9.205909402
D31.2_66,10.91146351,-26.44473112
D31.2_67,7.398703823,20.13770523
D31.2_68,-16.56692597,-28.67871107
D31.2_69,-28.72651633,22.52680963
D31.2_70,32.05483286,2.309482886
D31.2_71,16.52605098,-13.48330457
D31.2_72,22.75240019,-8.458533428
D31.2_73,-18.95232267,-20.73305519
D31.2_74,3.621931924,0.750110344
D31.2_75,-28.84333956,24.7041437
D31.2_76,-15.58747502,-19.42169383
D31.2_77,-14.21358322,-17.40049196
D31.2_78,-18.37088913,-28.41871817
D31.2_79,30.04899201,-5.037698909
D31.2_80,-44.83166888,-6.069837742
D31.2_81,-7.520159616,14.06930458
D31.2_82,0.999303325,2.753768799
D31.2_83,-27.84802987,28.95881253
D31.2_84,-11.80006943,-22.32384197
D31.2_85,-40.66595915,-6.818402862
D31.2_86,-29.04511941,29.78767239
D31.2_87,-39.94578563,13.95415675
D31.2_89,13.44533571,8.559683541
D31.2_91,-42.666088,-6.06009214
D31.2_92,18.76561029,-17.89206031
D31.2_93,-4.584606009,2.984555079
D31.2_94,-14.66577246,-25.46314033
D31.3_1,-35.72943779,14.43763601
D31.3_2,-3.969432194,13.01734964
D31.3_3,21.77112857,16.39046249
D31.3_4,16.25328369,-13.40182208
D31.3_5,-14.52826038,10.64104989
D31.3_10,23.94158784,-6.281131219
D31.3_12,-15.66875474,-27.23016797
D31.3_13,3.453515798,4.373825332
D31.3_14,-35.90944872,15.27809825
D31.3_15,-42.75009062,-7.601619659
D31.3_16,34.89768998,7.388795642
D31.3_17,17.31622785,-13.34993738
D31.3_18,-11.70526564,5.671985462
D31.3_19,12.46817721,12.50277428
D31.3_21,-18.67512847,-22.34671423
D31.3_22,33.36905661,-3.582471581
D31.3_23,-38.61098085,17.1447488
D31.3_24,-12.73080027,17.31672328
D31.3_25,-35.35241365,21.22533649
D31.3_26,-28.36134476,18.50366299
D31.3_27,-0.239589343,2.394728015
D31.3_28,-1.391614986,7.508065907
D31.3_29,-6.162854174,12.50672003
D31.3_30,26.24901234,10.75919384
D31.3_31,34.56929095,-4.534942468
D31.3_32,-8.412621065,18.48818191
D31.3_33,9.68644038,-19.643926
D31.3_35,9.206173499,12.83010295
D31.3_36,-28.2553051,17.97573161
D31.3_37,-17.6222803,-29.09052557
D31.3_38,3.991658794,10.29650288
D31.3_39,-4.467047626,14.8733197
D31.3_40,-31.76809791,16.17739385
D31.3_41,27.59546437,-1.924272592
D31.3_42,29.73883527,-4.90842259
D31.3_43,22.94164052,-16.06208275
D31.3_45,9.0453757,12.55030875
D31.3_46,4.823914789,2.609202601
D31.3_47,-36.79501212,18.33291147
D31.3_48,-29.98077201,19.33234431
D31.3_50,14.99405467,-27.67470966
D31.3_52,12.68573761,10.43061387
D31.3_53,-32.56566486,20.66574252
D31.3_54,25.81861024,11.11028707
D31.3_55,-3.867413379,15.3996472
D31.3_56,22.2412102,13.72882018
D31.3_57,-0.290932199,15.36921224
D31.3_59,-39.09900425,-8.069715041
D31.3_60,-27.33779984,27.05836605
D31.3_61,26.39155036,10.08825624
D31.3_62,31.15261978,1.231095778
D31.3_63,-32.71222179,20.16025807
D31.3_64,-26.50420496,24.96756237
D31.3_65,-12.28280237,-21.20785514
D31.3_66,6.605935033,-25.67869786
D31.3_67,30.44251175,5.453052302
D31.3_68,20.30711487,-25.44371031
D31.3_69,-30.13648916,24.80422203
D31.3_70,-2.671102145,21.87666927
D31.3_71,-26.07907292,-3.251674206
D31.3_72,30.56947885,9.28919772
D31.3_73,-27.3957114,25.56319721
D31.3_75,10.31710991,-26.48327135
D31.3_76,-0.441897112,17.03118089
D31.3_77,28.48809797,-1.358889672
D31.3_78,-38.73708924,16.34079552
D31.3_79,9.068726706,12.70473493
D31.3_80,27.81555461,2.542384784
D31.3_81,-15.98993263,-23.05266642
D31.3_82,-15.14382952,-29.54756547
D31.3_83,6.500561616,-27.98490087
D31.3_84,12.13996233,2.955658631
D31.3_85,-7.064681699,4.680561578
D31.3_86,-28.09607007,22.95099325
D31.3_87,11.96404523,-17.57381547
D31.3_88,32.18734557,1.820703798
D31.3_89,-28.36725559,16.53549633
D31.3_90,-7.807993695,0.833370559
D31.3_91,28.14163357,18.14988534
D31.3_92,20.22018881,-8.3780641
D31.3_94,2.63592484,20.78847837
D31.4_1,3.940205759,9.944136471
D31.4_2,32.32878554,9.405630498
D31.4_4,26.07238442,11.30230259
D31.4_5,1.533637065,2.968573271
D31.4_6,7.311161607,7.724608993
D31.4_7,4.159412632,23.50908798
D31.4_8,33.77999078,7.011716846
D31.4_9,-31.37759411,23.75594254
D31.4_10,17.4064594,-14.1201531
D31.4_11,6.231217241,-4.457078915
D31.4_13,-27.85969254,22.71443381
D31.4_14,-31.81992975,26.09348628
D31.4_15,26.03988128,15.31136716
D31.4_16,-38.35664246,-8.128079972
D31.4_17,10.84039882,-22.47057554
D31.4_18,-5.088915088,14.39880911
D31.4_19,20.25350103,-18.61957353
D31.4_20,5.087400734,10.44604311
D31.4_21,10.02335298,-18.628162
D31.4_22,8.176450389,12.25901186
D31.4_23,9.275701581,15.1313885
D31.4_24,9.428049515,13.05565597
D31.4_25,12.9677706,-16.79398047
D31.4_26,0.371742841,24.79006119
D31.4_27,5.854752524,-1.949805352
D31.4_28,27.28980111,1.281758639
D31.4_29,1.830681094,4.396597043
D31.4_30,9.157767608,9.466701123
D31.4_31,-10.068667,9.245652904
D31.4_32,8.690129981,2.172437396
D31.4_33,-14.05034915,-28.00060287
D31.4_34,6.169198482,-25.53778652
D31.4_35,-14.3401142,-26.49733586
D31.4_36,-38.72422289,15.79164983
D31.4_37,22.25009879,13.69422464
D31.4_38,-13.48575203,-23.26930084
D31.4_39,21.69289834,-8.745469101
D31.4_40,22.83561079,14.95455669
D31.4_41,-26.46327757,25.73153701
D31.4_42,11.39705329,8.626852318
D31.4_43,-29.24841889,29.1962351
D31.4_44,22.53078449,-7.86885776
D31.4_45,10.32050548,-20.04217732
D31.4_46,29.12040488,-3.327003347
D31.4_47,5.416738689,12.71703281
D31.4_48,-32.49210192,17.6642215
D31.4_49,7.961814417,-24.25042204
D31.4_50,5.195832734,14.29514429
D31.4_51,23.00994715,-5.750052256
D31.4_52,9.303307232,14.3336795
D31.4_53,11.05123006,0.456226513
D31.4_54,8.143416319,11.00223795
D31.4_55,-35.70247714,16.74485941
D31.4_56,-12.83806026,-19.82413182
D31.4_57,-14.33450799,-25.80375102
D31.4_58,13.10831347,-16.30054077
D31.4_59,-2.687410873,5.902501043
D31.4_60,27.6293508,1.973710361
D31.4_61,-0.358283757,-1.4723351
D31.4_62,31.82717505,11.16544558
D31.4_63,12.59936119,-21.79078436
D31.4_64,11.35395897,-22.00685145
D31.4_65,23.22429798,-10.86099145
D31.4_66,10.29672461,-22.94756973
D31.4_67,-40.03633735,-7.273639837
D31.4_68,-17.93738396,-24.25486067
D31.4_69,-14.63799322,-16.72144536
D31.4_70,-29.08576643,17.47449185
D31.4_71,-15.49318726,-19.21984543
D31.4_72,-26.66077939,26.54376427
D31.4_73,-13.86313275,-23.25154337
D31.4_74,10.88626972,-21.56943495
D31.4_75,18.27952297,-21.98177743
D31.4_76,-15.35813695,-16.07783896
D31.4_77,-18.83583039,-20.07507008
D31.4_78,31.03627545,4.360624198
D31.4_79,-28.64577803,29.70057769
D31.4_80,10.11196202,6.447122793
D31.4_81,8.79545265,9.257434302
D31.4_82,22.66918375,-8.490689037
D31.4_83,5.357716533,-26.17903729
D31.4_84,9.661339743,1.234185312
D31.4_85,11.24986649,-27.74345842
D31.4_87,-3.210819844,-0.025293249
D31.4_89,-10.49466894,9.31487432
D31.4_90,-40.53752988,12.90665886
D31.4_91,-29.63168491,25.99871604
D31.4_92,16.95269438,-14.01350401
D31.4_93,-28.67761868,23.83464548
D31.4_94,21.32320453,-9.136441347
D31.5_1,-31.38008508,23.44948646
D31.5_2,-2.083567085,20.10687774
D31.5_3,16.65349443,-16.22905135
D31.5_4,-30.77363171,16.77127242
D31.5_5,20.21835342,-25.46649437
D31.5_8,5.29297863,18.20970054
D31.5_9,10.36919616,-20.17953773
D31.5_10,0.056528471,14.55706873
D31.5_11,9.46320933,9.326427863
D31.5_12,7.449619927,18.04434467
D31.5_13,-17.25352464,-19.50715184
D31.5_14,-14.87767884,-18.02182572
D31.5_15,13.20638469,-19.6573866
D31.5_16,-29.46993052,23.13213003
D31.5_17,-12.09518874,21.02893069
D31.5_18,32.87254935,6.975253877
D31.5_19,-10.32339455,-21.30026671
D31.5_20,-1.062842497,12.83152858
D31.5_21,13.02787911,0.584685379
D31.5_22,20.26361752,-21.52050811
D31.5_23,29.12754532,-0.425313835
D31.5_24,11.90900968,13.05949345
D31.5_25,-3.597475518,13.23993415
D31.5_26,19.08493538,-25.00577771
D31.5_27,18.49117819,-17.45867871
D31.5_29,14.33087317,-15.88599777
D31.5_30,23.06797844,-9.577171018
D31.5_32,10.47077243,-21.27740062
D31.5_33,9.265035603,16.04926496
D31.5_34,-28.88421899,28.81158199
D31.5_35,9.50979202,15.85652663
D31.5_36,5.292429401,22.84159519
D31.5_37,-18.14747019,-23.54110972
D31.5_38,11.69800933,-19.36449156
D31.5_39,-30.74720943,24.31511157
D31.5_41,-16.51029984,-18.61480573
D31.5_42,32.33582863,1.396684539
D31.5_44,13.25552749,3.771262572
D31.5_45,-34.22837431,15.87217944
D31.5_46,29.38225194,-1.562914982
D31.5_47,-35.46401147,-8.811480526
D31.5_48,-26.79008335,27.23133525
D31.5_49,-0.993580794,13.76071537
D31.5_50,-10.97910544,9.681845191
D31.5_51,-13.57357728,-20.29618504
D31.5_52,23.32611305,-10.5776347
D31.5_53,-0.173572553,14.66243504
D31.5_54,-9.827332401,3.939900304
D31.5_55,32.99012136,1.355599902
D31.5_56,6.787287735,1.532318051
D31.5_57,-29.18679308,29.36877001
D31.5_58,7.983483581,17.56214095
D31.5_59,-3.907375249,2.930930691
D31.5_60,-31.54693849,26.59031079
D31.5_61,12.95490169,-20.78617598
D31.5_62,-14.0582139,9.054985989
D31.5_63,2.635357101,11.08623648
D31.5_64,-17.37047361,-12.95075578
D31.5_65,-15.47529752,-24.36099073
D31.5_66,12.9550702,7.372657015
D31.5_67,7.565457074,0.722353929
D31.5_68,9.216802396,5.740997167
D31.5_69,-39.58696783,16.63451228
D31.5_70,-27.21572243,25.3762265
D31.5_71,34.11181889,2.474669535
D31.5_72,-27.84192607,-5.977123397
D31.5_73,-14.26571418,-18.11355772
D31.5_74,17.58705526,-13.35556702
D31.5_75,-38.64723028,15.80860738
D31.5_76,7.327879133,16.23331439
D31.5_77,-38.71856334,-6.221495041
D31.5_78,-44.73252229,-6.542720296
D31.5_79,-29.52282592,29.64315503
D31.5_80,17.90713459,-11.67334277
D31.5_81,-15.75386239,-22.85106347
D31.5_82,-41.75187083,-7.63945252
D31.5_83,-45.70333001,-5.250088065
D31.5_84,28.8554605,5.002502136
D31.5_85,24.75676503,-10.48973769
D31.5_86,-3.881575488,11.05219141
D31.5_87,0.806695156,8.301918464
D31.5_88,9.446512636,16.3916547
D31.5_89,-32.27990506,19.73846892
D31.5_90,-0.997169187,2.9234537
D31.5_91,-14.14296565,-25.92413109
D31.5_92,-35.98374249,13.81003816
D31.5_93,-1.423833415,5.979848491
D31.5_94,17.26002181,-12.98577261
D31.6_1,-39.10721705,-6.831126777
D31.6_2,-14.24335137,10.65857304
D31.6_4,-15.66274486,-14.52156736
D31.6_5,14.80035582,6.723734762
D31.6_6,-25.62992629,-2.82566203
D31.6_7,19.57694147,-15.84296449
D31.6_9,-32.85312452,13.45154261
D31.6_10,12.58239345,9.930675689
D31.6_11,-32.04135087,19.32647103
D31.6_12,30.06439985,-0.432919946
D31.6_13,-30.70387467,20.43157462
D31.6_15,18.32044977,-22.16658059
D31.6_16,12.17203133,-19.12120626
D31.6_18,-13.51752914,5.905299006
D31.6_19,11.4790352,-20.83820133
D31.6_20,15.33895522,-23.96279501
D31.6_21,-29.59571421,28.99953792
D31.6_22,19.862129,-15.47104286
D31.6_23,-35.32037705,-8.846612091
D31.6_24,-34.78224919,17.46106552
D31.6_25,12.11881163,0.648284982
D31.6_27,-14.08626061,-31.41013525
D31.6_28,-16.21784751,-27.90217816
D31.6_29,-33.41178139,20.15978246
D31.6_30,0.694478331,1.034403225
D31.6_31,21.4172894,-16.89975035
D31.6_32,27.08525133,12.85277937
D31.6_33,-36.53976783,18.33134705
D31.6_34,-14.47273248,-21.3642248
D31.6_35,11.59198013,14.95344585
D31.6_36,-3.612274596,17.617842
D31.6_37,-15.96720332,-18.02515583
D31.6_38,31.31993755,3.632372265
D31.6_39,-27.28395857,26.52359592
D31.6_40,-28.9678418,22.89230602
D31.6_41,-18.19073113,-23.22916197
D31.6_42,22.44804657,-9.465516212
D31.6_43,-32.9395622,16.32499974
D31.6_44,-12.62851677,-31.4518738
D31.6_45,8.732634099,15.47100415
D31.6_46,29.94313754,10.47509868
D31.6_47,13.62521479,-16.33656416
D31.6_48,9.109704285,5.636822847
D31.6_49,10.46558959,-23.82070831
D31.6_50,-17.76046985,-23.61236462
D31.6_51,-17.77316279,-15.70732435
D31.6_52,-29.90204047,27.68131419
D31.6_53,-34.18920377,15.29802809
D31.6_54,-3.77667369,2.212606971
D31.6_55,-3.275761804,-0.201269217
D31.6_56,4.438372049,10.17416964
D31.6_57,-27.45642978,-5.404795707
D31.6_58,6.867467774,-25.77939765
D31.6_59,6.94246703,10.78269852
D31.6_60,34.66631222,-4.72690537
D31.6_61,-28.82875721,22.02911507
D31.6_62,-33.84495603,18.03237433
D31.6_63,9.037789614,10.45296807
D31.6_64,13.50898318,8.392467941
D31.6_65,13.25045309,-17.28550932
D31.6_66,-28.58761209,25.18021624
D31.6_67,9.062319939,-29.25385595
D31.6_68,-11.77105339,-30.22575756
D31.6_69,-27.83360271,22.38384282
D31.6_70,-25.55789132,-3.395629796
D31.6_71,26.96729618,12.49247359
D31.6_72,-14.45112355,-31.34812773
D31.6_73,-25.73598619,-2.827952801
D31.6_74,-8.17569586,0.94924881
D31.6_75,-28.24544709,18.66876529
D31.6_76,10.84292293,-26.29278934
D31.6_77,-1.954504801,6.225385055
D31.6_79,-9.375095918,-19.88155323
D31.6_80,22.93457112,-9.914851837
D31.6_81,-37.61017054,16.59338302
D31.6_82,-13.43512993,-27.58474398
D31.6_83,7.551899981,14.95878223
D31.6_84,-43.35560562,-7.250918796
D31.6_85,15.66806262,-13.60367411
D31.6_86,-30.40293396,18.46927301
D31.6_87,6.707658304,-23.60203063
D31.6_88,-11.04995416,6.329238677
D31.6_89,-2.254113371,20.94310619
D31.6_90,11.99500902,0.053285254
D31.6_91,-14.82334453,7.745178339
D31.6_92,16.01657401,-16.45773512
D31.6_93,-15.00359079,-26.74767402
D31.6_94,9.006888971,18.33481488
D31.7_1,14.41622479,-27.68627151
D31.7_2,5.506874228,14.10265362
D31.7_3,13.5087133,-22.786643
D31.7_4,-26.13471338,-3.260331595
D31.7_6,1.98250453,12.82041654
D31.7_8,2.989908371,23.52040832
D31.7_9,-34.66655023,19.10185516
D31.7_10,-14.31580676,-15.02330579
D31.7_11,-30.27432118,24.08134349
D31.7_14,-9.94691101,21.33533696
D31.7_15,22.62673084,16.56478003
D31.7_16,-17.49530219,-23.07943182
D31.7_17,5.770227955,21.6576077
D31.7_18,-14.24152956,-17.39981439
D31.7_19,5.613342968,17.49910414
D31.7_20,-35.78919841,-8.715505834
D31.7_21,-29.23476854,29.4310544
D31.7_22,18.38473998,-28.04677665
D31.7_23,-14.93291264,-18.92625317
D31.7_25,7.196195051,17.20648995
D31.7_26,-15.95488704,-15.09320431
D31.7_28,1.126291839,0.578990877
D31.7_29,-11.31711589,-27.50494432
D31.7_30,-3.491853285,21.14407286
D31.7_32,-25.58023353,-3.454031147
D31.7_33,-0.664000745,8.995738088
D31.7_34,29.28104792,-3.29589736
D31.7_35,-11.555713,20.90740464
D31.7_36,2.853788176,23.29140315
D31.7_37,12.15055262,12.60509899
D31.7_38,-31.451577,24.99646101
D31.7_39,14.58709674,-27.76076831
D31.7_40,23.31153284,-9.857218665
D31.7_41,7.169884309,12.25005396
D31.7_43,-27.62931615,-5.662911118
D31.7_44,6.980474623,20.4786434
D31.7_45,12.28346028,-22.89659291
D31.7_46,14.53427893,-25.30714739
D31.7_47,19.02102476,-23.6701759
D31.7_48,-40.05295856,-6.081545495
D31.7_49,-4.099143071,21.40493125
D31.7_50,-12.65173676,5.922049525
D31.7_51,-7.426837038,11.31664453
D31.7_53,17.4177604,-18.38177251
D31.7_54,5.264628143,7.752539003
D31.7_55,18.03625099,-15.76264251
D31.7_56,-17.26220503,-28.70521552
D31.7_57,-14.1503529,-27.98638757
D31.7_58,-35.12739843,17.17633063
D31.7_59,11.67027427,-29.96657467
D31.7_60,23.10289217,-10.77349047
D31.7_61,-6.952822405,3.610789884
D31.7_62,13.17591391,13.56743818
D31.7_63,-31.43779603,23.19688401
D31.7_64,4.99970101,18.32093729
D31.7_65,6.285855114,20.64024173
D31.7_66,32.84526112,4.095955421
D31.7_67,13.40353811,-24.75089215
D31.7_68,8.919365261,19.34213255
D31.7_69,15.49519073,-16.50574828
D31.7_70,-28.11296275,18.38771268
D31.7_71,-10.77153977,4.766355179
D31.7_72,15.72148982,-14.40886395
D31.7_73,-14.47713074,-25.80331692
D31.7_74,27.69180548,-9.334785095
D31.7_75,-2.105124472,20.0745026
D31.7_76,8.366952305,-31.82099876
D31.7_77,-26.94332459,24.51900565
D31.7_79,26.58834672,11.14264405
D31.7_80,7.069267283,20.52696923
D31.7_81,34.66996446,8.449724673
D31.7_84,9.454215865,-31.99596517
D31.7_85,23.56907423,-17.12345807
D31.7_87,5.596022762,-30.32894073
D31.7_89,-18.36803346,-22.24458698
D31.7_91,10.0951551,-26.0990348
D31.7_92,26.5482809,14.13478471
D31.7_93,0.477038035,3.211979249
D31.7_94,13.39298954,-16.92534293
D31.8_1,32.00302784,0.675537378
D31.8_2,6.480439557,21.79080177
D31.8_3,9.332346268,-27.23303486
D31.8_4,-32.10678747,15.28489713
D31.8_5,8.655929352,1.067473262
D31.8_6,13.32407104,14.03174704
D31.8_7,-32.53190421,23.45978392
D31.8_8,14.33821678,-17.03791196
D31.8_9,-3.075700181,23.06185883
D31.8_10,23.13095905,13.8935169
D31.8_11,-33.58892653,19.77081254
D31.8_12,9.357388582,7.399773824
D31.8_13,24.93552963,-11.04352088
D31.8_14,-5.189437467,11.17298357
D31.8_15,25.86046607,15.91482127
D31.8_17,28.28704987,0.074142062
D31.8_18,-43.43819963,-5.629867057
D31.8_19,-13.25692353,-18.31723108
D31.8_20,-12.25585018,-19.62941963
D31.8_21,16.34010978,-20.21530505
D31.8_23,-15.088121,-24.37841822
D31.8_24,5.967586905,2.433422508
D31.8_25,12.72144761,1.332692032
D31.8_26,26.29717956,14.96704057
D31.8_27,-30.86103801,18.63096862
D31.8_28,34.93838291,2.245525132
D31.8_29,30.49269204,2.921786179
D31.8_30,-12.50261337,-21.20442729
D31.8_31,18.17454232,-16.30920459
D31.8_33,0.255605005,16.94028227
D31.8_34,32.13165093,6.239587923
D31.8_36,25.27679401,14.98356602
D31.8_37,-15.12449571,-18.87620587
D31.8_38,-11.23223728,5.205301944
D31.8_39,-25.36838177,-3.174407791
D31.8_40,-30.88930854,21.10252978
D31.8_41,12.62633995,-23.21694961
D31.8_42,26.96203881,1.363469987
D31.8_43,17.34632942,-17.04621892
D31.8_44,8.400530344,22.17645108
D31.8_45,-13.29642026,-19.41334419
D31.8_46,3.208572602,1.930404175
D31.8_47,-38.86488188,-8.387538678
D31.8_48,10.30773175,-22.85904523
D31.8_49,8.010182813,-23.58840668
D31.8_50,24.46235339,-11.19435245
D31.8_52,11.62985433,7.099735339
D31.8_53,-27.76358021,20.77562711
D31.8_56,-45.71685164,-5.397195336
D31.8_57,13.38012973,13.81800267
D31.8_58,-15.55420596,-27.27020501
D31.8_60,10.01953834,-23.38344311
D31.8_61,7.650337367,16.88798531
D31.8_62,3.454182856,15.11632501
D31.8_63,-35.70044898,14.37373024
D31.8_64,8.221998586,-18.43365
D31.8_65,-12.15732741,6.690768005
D31.8_66,29.6171889,0.399602733
D31.8_67,30.12553371,14.31652662
D31.8_69,30.4309941,-1.980986822
D31.8_70,26.82745829,14.81444041
D31.8_71,32.90326107,7.088250709
D31.8_73,21.48818273,-8.796517932
D31.8_74,24.23386744,-9.595317793
D31.8_75,-16.06524023,-21.91962035
D31.8_76,30.72660619,-2.118913992
D31.8_77,-16.27555231,-29.01469746
D31.8_78,16.14270697,-17.96272137
D31.8_80,-18.4641448,-27.68129366
D31.8_81,-35.74101973,20.52797528
D31.8_82,-7.451456461,21.05237687
D31.8_83,23.60866179,-16.70296315
D31.8_84,14.35321149,-23.54503619
D31.8_85,-17.14693179,-22.90084014
D31.8_86,-14.84945672,11.84406959
D31.8_87,27.13447225,15.01916081
D31.8_88,5.809098169,-24.28666829
D31.8_89,-28.49152162,16.51821641
D31.8_90,-18.46018071,-15.18841999
D31.8_91,-38.12749043,13.31000831
D31.8_92,-39.65851455,-6.864886323
D31.8_93,1.691890547,24.33165577
D31.8_94,-12.84849541,-23.75051672
D30.1_1,-35.4455141,15.32557919
D30.1_4,34.11079893,-3.669151227
D30.1_5,30.78043508,7.484078645
D30.1_6,31.7170464,5.037590832
D30.1_7,4.805146177,19.0500475
D30.1_9,-6.245012884,7.779053469
D30.1_10,-12.11892382,11.39799166
D30.1_13,-14.12337579,-27.19200974
D30.1_14,18.83505209,-17.0295303
D30.1_15,0.634318489,11.24180505
D30.1_16,-4.558315449,8.999137304
D30.1_17,-6.548132702,21.76807134
D30.1_19,-34.78248329,15.3821403
D30.1_20,25.86682032,-0.379501453
D30.1_21,-9.484865683,14.10801861
D30.1_22,-38.01751841,-5.92665829
D30.1_23,12.02091548,0.05508681
D30.1_24,7.449378785,10.92106062
D30.1_25,-37.80912226,-6.961346871
D30.1_26,11.52290475,-21.52708727
D30.1_27,-16.24249246,15.04093571
D30.1_28,-10.82544527,15.53504622
D30.1_29,-36.08450177,15.61636243
D30.1_30,-36.37681139,15.3890356
D30.1_31,-17.11046176,-19.23459232
D30.1_33,16.64098659,-28.39756818
D30.1_35,-8.192042949,18.82212263
D30.1_36,-19.33599866,-15.29563606
D30.1_37,-2.595405197,12.40913887
D30.1_38,2.128342236,24.16352641
D30.1_39,18.77474196,-29.13137741
D30.1_40,0.637327985,18.0520877
D30.1_41,21.02754747,-21.86970051
D30.1_42,-10.95767611,-22.11026837
D30.1_43,-12.51248318,-22.82228203
D30.1_44,-25.75402459,-3.536621974
D30.1_45,12.88110725,-26.20834591
D30.1_46,-14.553135,-18.15125513
D30.1_47,20.71552848,14.14515777
D30.1_49,4.135198964,16.68670649
D30.1_51,12.0731273,-31.07319862
D30.1_52,35.11596574,-3.026795148
D30.1_53,10.10159982,-18.66186664
D30.1_54,-3.007398679,12.64057922
D30.1_55,-38.24345951,16.52128159
D30.1_56,-2.214753677,11.77774396
D30.1_57,8.936314166,-29.67244075
D30.1_58,-14.24497249,11.83469843
D30.1_59,7.45416566,18.02192528
D30.1_60,-15.75495899,13.68415552
D30.1_61,-29.0472294,17.19229678
D30.1_63,-39.26687177,15.47042249
D30.1_64,23.0892217,16.27250136
D30.1_65,20.66401461,-18.79812151
D30.1_66,35.33543477,-3.071621774
D30.1_67,16.83483987,-29.90117048
D30.1_69,30.89870392,2.448314944
D30.1_70,-43.4617199,-6.059348062
D30.1_71,-1.800204793,13.54095733
D30.1_72,-28.15374823,22.91402975
D30.1_73,-13.27411372,17.09543288
D30.1_74,14.6434409,-30.18650358
D30.1_75,-5.725699656,-5.360918304
D30.1_77,-26.23065207,-3.767980341
D30.1_78,-11.92036453,-23.53479468
D30.1_79,-37.96104428,-6.516988767
D30.1_81,-15.85984148,12.75162869
D30.1_82,-12.22572687,17.66729664
D30.1_83,29.56099251,-1.173969773
D30.1_84,-16.12513824,12.86674869
D30.1_85,12.00899443,-28.40801535
D30.1_86,-13.3674423,11.37964548
D30.1_87,-7.93131312,5.936403071
D30.1_88,-11.52737703,-27.51043873
D30.1_89,9.366072939,-28.77675391
D30.1_90,-5.631131879,22.08235948
D30.1_91,-29.51771398,18.85582238
D30.1_93,17.0746961,-27.43835793
D30.1_94,10.53840383,-28.31800695
D30.2_1,-26.72022663,21.95946128
D30.2_2,5.069912812,13.49477922
D30.2_3,27.13375828,-0.802688399
D30.2_4,-11.70495568,-30.51149384
D30.2_5,26.34216704,11.12875584
D30.2_6,-45.51338895,-5.287829239
D30.2_7,4.648365252,-29.71566252
D30.2_8,26.7658513,10.8748577
D30.2_9,-13.25509579,-18.57090514
D30.2_10,5.710430094,4.716197075
D30.2_11,-38.50903853,13.94026231
D30.2_12,3.261125336,9.635621412
D30.2_13,5.506296341,5.653880489
D30.2_14,4.162530984,3.687281121
D30.2_15,2.468580796,4.680676098
D30.2_16,-3.021052946,7.04672007
D30.2_17,-39.68152676,16.28046189
D30.2_18,-4.137800841,14.8377942
D30.2_19,-1.317567722,-3.092988724
D30.2_20,31.05282344,-1.243006326
D30.2_21,-7.931931665,5.699274338
D30.2_22,31.77430735,2.322132321
D30.2_23,-3.181766778,3.160578645
D30.2_24,2.666225073,-0.572887274
D30.2_25,-5.010172217,2.21094768
D30.2_26,33.14401315,-3.476545275
D30.2_27,-26.69593283,26.27895921
D30.2_28,-12.42910838,13.57222207
D30.2_29,-40.69317695,-5.351906905
D30.2_30,21.01946057,-18.51418185
D30.2_31,25.99906096,3.648729533
D30.2_32,5.24842869,-25.97199317
D30.2_33,9.249765475,-25.88761574
D30.2_34,7.173160909,14.51253241
D30.2_35,-12.04506497,-29.02534743
D30.2_37,-3.051188457,17.55772441
D30.2_38,-27.47913181,-5.434825519
D30.2_39,25.93317419,4.105581184
D30.2_40,-17.06383287,-13.9071955
D30.2_41,-28.74198896,26.24111263
D30.2_42,-38.8347615,15.3131706
D30.2_43,-31.11513192,16.37925361
D30.2_44,7.566001337,-23.75939202
D30.2_45,-37.95348127,16.70584833
D30.2_46,7.523093773,-23.40290136
D30.2_47,12.98708786,6.475585288
D30.2_48,4.34192672,-29.74296705
D30.2_49,28.63260301,-4.92383952
D30.2_50,-11.09977198,-27.08142262
D30.2_51,-27.93207277,17.2335303
D30.2_52,27.73426887,-2.548181236
D30.2_53,-39.30991689,12.82707267
D30.2_54,28.41283612,-0.696174067
D30.2_55,13.73617099,-15.39387456
D30.2_56,-28.64710187,17.21537385
D30.2_57,11.54456735,-17.27730413
D30.2_58,-18.30835481,-19.47014701
D30.2_59,-44.20776349,-7.283736192
D30.2_60,-38.67076887,12.35333884
D30.2_61,11.355651,-17.22662703
D30.2_62,33.96747258,11.11317474
D30.2_65,-5.506806451,4.896513663
D30.2_67,23.86749788,10.41220005
D30.2_68,-4.125886829,9.947782597
D30.2_70,5.911335502,11.63997979
D30.2_71,13.93693854,-22.04364889
D30.2_72,3.281366237,5.002964221
D30.2_73,8.806643763,17.30713708
D30.2_74,-17.61077191,-12.04905921
D30.2_75,31.2540686,12.46667714
D30.2_76,-34.44571406,15.30144086
D30.2_77,-45.58712227,-5.449544337
D30.2_78,-6.460315954,12.64699276
D30.2_79,-27.27178685,-5.123134407
D30.2_80,3.014239915,11.22900424
D30.2_81,-9.080469112,3.82741447
D30.2_82,28.96324873,-5.045337559
D30.2_83,25.09092864,-14.36367673
D30.2_84,-37.25865462,-8.560706277
D30.2_85,-8.169533374,4.64242546
D30.2_86,-4.40269799,18.10097945
D30.2_87,13.06958995,-25.42285521
D30.2_88,0.300399143,11.33037212
D30.2_89,30.03333859,-5.478494101
D30.2_90,17.19146699,-19.45504943
D30.2_91,-4.650644543,3.046844574
D30.2_92,-43.22879972,-6.239700705
D30.2_93,-46.34235122,-5.638593972
D30.2_94,-9.290894376,13.42278264
D30.3_1,-6.131466217,18.24439624
D30.3_2,-37.91188732,13.7505853
D30.3_3,12.27965034,-25.64331781
D30.3_4,1.268456693,2.708890683
D30.3_5,-7.303747936,7.08929205
D30.3_6,-42.71729497,-6.675895852
D30.3_7,-46.77712698,-5.285866404
D30.3_8,-14.950829,-16.2773753
D30.3_9,9.082074294,-32.43370129
D30.3_10,12.07698356,-31.31377816
D30.3_11,3.123119472,5.837197298
D30.3_12,-17.00320172,-13.6529135
D30.3_13,8.491924518,-29.46574651
D30.3_14,12.5434441,-15.96224495
D30.3_15,26.77991318,11.43760648
D30.3_16,-9.891647298,11.75170943
D30.3_17,-11.35846744,-22.02854234
D30.3_18,31.86899052,6.973798447
D30.3_19,-1.323390842,13.88090239
D30.3_20,-5.297946228,10.21403125
D30.3_21,25.58164561,15.01809305
D30.3_22,27.85870555,-8.857157184
D30.3_23,31.29958336,-0.546239123
D30.3_24,-17.46028206,-12.66055473
D30.3_25,0.483612613,15.67285454
D30.3_26,-15.62487421,13.2274968
D30.3_27,2.865212677,18.45163825
D30.3_28,6.311295149,16.95189467
D30.3_29,2.92977755,18.6714769
D30.3_30,-5.582320731,19.19272395
D30.3_31,-10.46743332,18.89781121
D30.3_32,-10.92691258,-25.38055893
D30.3_33,-3.932708925,21.01747778
D30.3_34,0.516540143,24.67424541
D30.3_35,-15.22687719,8.459246842
D30.3_36,5.280992534,-30.74689881
D30.3_37,0.670421568,16.79958293
D30.3_38,9.780233445,-29.08411586
D30.3_39,-41.9698937,-5.92869906
D30.3_40,-0.432399196,17.91380159
D30.3_41,-2.640552476,9.884254092
D30.3_42,-9.759501126,6.330389415
D30.3_43,30.45293443,-1.456470277
D30.3_44,3.231412045,18.13392235
D30.3_45,-33.97912185,19.32710461
D30.3_46,-1.021806161,9.058351622
D30.3_47,3.794292587,14.16341628
D30.3_48,3.7733573,22.76044354
D30.3_49,-13.45739991,-30.90095443
D30.3_50,0.199957609,8.759178398
D30.3_51,8.525290443,-31.96613135
D30.3_52,12.69022464,-25.61348332
D30.3_53,4.254755427,-29.59390316
D30.3_54,16.20916659,-21.35303927
D30.3_55,16.67859104,-18.54449779
D30.3_56,-15.94367175,-14.42870329
D30.3_57,35.58520855,9.283338415
D30.3_58,18.72267417,-20.72922084
D30.3_59,-45.58684437,-5.870429394
D30.3_60,-15.08731175,18.86647555
D30.3_61,-39.09088566,-7.059704289
D30.3_62,15.91328568,-21.55522484
D30.3_63,-28.2444417,25.12835467
D30.3_64,-11.60950994,12.13060263
D30.3_65,-8.11482386,-0.095447424
D30.3_67,17.15957683,-27.1681098
D30.3_68,11.29487741,13.65324885
D30.3_69,27.23855621,-0.366442743
D30.3_70,-7.058381787,10.49081943
D30.3_71,5.661086092,-30.32329193
D30.3_72,-41.27137103,-7.433980813
D30.3_73,34.54268707,9.531629884
D30.3_74,7.429460679,15.71569341
D30.3_75,28.03113468,4.913501116
D30.3_76,34.20718739,-2.115931839
D30.3_77,6.124198628,-30.61409773
D30.3_78,4.781615915,-30.32186958
D30.3_79,0.565543403,17.92486761
D30.3_80,8.572608902,1.608900385
D30.3_81,16.60904793,-19.20748291
D30.3_82,35.44459284,-3.18258397
D30.3_84,-27.43795872,-5.382486164
D30.3_86,7.145782474,6.007751189
D30.3_87,35.91627071,3.793924258
D30.3_88,3.503980475,18.99393121
D30.3_89,18.15943519,-13.231217
D30.3_90,-10.68187218,-21.82609107
D30.3_91,-36.4056119,18.92044722
D30.3_92,-14.85233131,10.15264705
D30.3_93,-5.052147046,-3.371877831
D30.3_94,-26.28902477,-3.819451427
D30.4_1,4.240817454,-29.58232583
D30.4_2,23.95132512,-7.899377316
D30.4_3,3.69932335,11.02855441
D30.4_5,36.19681294,6.741380542
D30.4_6,-14.44849091,11.48196867
D30.4_7,-10.88688875,-25.31496294
D30.4_8,7.970977991,-32.18696466
D30.4_9,27.27997245,-9.177685133
D30.4_10,-38.98465289,-8.155666481
D30.4_11,-4.291741043,5.281932138
D30.4_12,8.704906708,5.111103243
D30.4_13,-11.862386,-28.88722434
D30.4_14,30.43176721,-4.718081249
D30.4_15,4.861533639,-28.50414704
D30.4_16,-15.44912289,-17.52633201
D30.4_17,31.75919146,1.09028729
D30.4_18,-33.11147942,14.7369788
D30.4_19,0.43286581,4.524633746
D30.4_20,11.36351717,0.760346011
D30.4_21,-1.760894222,3.342275569
D30.4_22,34.62388969,-1.653313014
D30.4_23,-38.30303938,18.17675038
D30.4_24,4.569781524,13.28275805
D30.4_25,-2.35081792,21.51216113
D30.4_26,33.77123033,-3.196367114
D30.4_27,-14.85493963,-14.7393931
D30.4_28,36.73414179,6.285137086
D30.4_29,-5.143581677,7.249472883
D30.4_30,-39.81270895,-5.776767203
D30.4_31,-12.1651765,-22.78961981
D30.4_32,34.94325108,-3.022199313
D30.4_33,7.754656225,-29.34486221
D30.4_34,23.28917515,-9.05361994
D30.4_35,-44.38160874,-4.727088291
D30.4_36,-4.413353502,14.5464651
D30.4_37,-0.660399137,11.70182254
D30.4_38,-13.58371052,-21.28654322
D30.4_39,0.902049545,5.336601983
D30.4_40,34.2351108,10.1365625
D30.4_41,2.673159392,2.649673121
D30.4_42,-13.43793493,-29.47262047
D30.4_43,4.757586547,2.359147321
D30.4_44,-14.33173339,-31.25960823
D30.4_46,-15.93973317,-14.57063945
D30.4_47,1.57638074,4.435206173
D30.4_48,5.908514879,-24.08143401
D30.4_49,2.510873499,12.8991119
D30.4_50,-5.533648719,11.4955944
D30.4_51,-17.20586434,-13.7389504
D30.4_52,-10.64840453,16.81147435
D30.4_53,-13.93751859,-24.88262315
D30.4_54,13.26641819,3.945784183
D30.4_55,-39.20872573,-6.784562599
D30.4_59,31.89298181,-1.014026514
D30.4_60,-14.10458024,11.13339326
D30.4_61,17.57803918,-19.12698172
D30.4_62,-36.71272671,13.76789081
D30.4_63,33.97338541,10.94624436
D30.4_64,-42.2961917,-6.197927108
D30.4_65,-19.27489354,-16.41358722
D30.4_66,35.48569686,6.633311471
D30.4_67,15.94578377,-15.56821379
D30.4_68,13.09160094,3.870869447
D30.4_69,-8.162278271,5.745199143
D30.4_71,7.514291402,-30.68177853
D30.4_73,-10.23345875,9.564971768
D30.4_74,-3.382097858,5.33661044
D30.4_75,-2.787897029,9.896032258
D30.4_76,7.272450597,-23.93815931
D30.4_77,-3.080490336,7.269058872
D30.4_78,-46.28195778,-5.912797374
D30.4_79,8.107160983,-28.44075561
D30.4_80,29.03848766,5.097469219
D30.4_81,-29.30251545,29.67300644
D30.4_82,-39.03422635,14.72632576
D30.4_83,6.228947032,-26.72312357
D30.4_85,-8.922683801,8.895064256
D30.4_86,2.258636178,17.5027909
D30.4_87,-7.298432,8.657593905
D30.4_88,-8.872714467,3.657563669
D30.4_90,5.874626837,-24.49348597
D30.4_91,-14.81193438,-21.02424294
D30.4_92,-16.66322673,-21.19013499
D30.4_93,-18.31085617,-28.8355357
D30.4_94,2.101090409,3.704745548
D30.5_3,-40.44752159,-5.311958942
D30.5_4,-38.75029257,-6.060825244
D30.5_5,-14.68010818,-17.62802652
D30.5_7,11.34459458,-31.62023337
D30.5_8,-7.029355782,7.231517456
D30.5_9,-17.20571197,-19.09457927
D30.5_10,-6.32483374,20.90940617
D30.5_11,28.17077258,-4.672910458
D30.5_12,33.60359438,1.652957867
D30.5_13,1.621721728,14.2090466
D30.5_14,9.5338952,5.819330243
D30.5_15,-39.67185366,-5.883838849
D30.5_17,33.81147799,-2.595381682
D30.5_18,36.71266071,0.663455128
D30.5_20,-3.466323195,-0.187922624
D30.5_21,15.38323283,-16.37133627
D30.5_22,32.69235624,5.189736265
D30.5_23,4.337051959,4.520322795
D30.5_24,-8.535152787,13.59189169
D30.5_26,6.59156528,20.099397
D30.5_27,-9.390863712,13.40868745
D30.5_28,-7.240503854,-0.518266206
D30.5_29,-40.21744564,-5.960149558
D30.5_31,-14.52747121,-20.58648968
D30.5_32,16.13253887,-17.19979744
D30.5_33,-5.898027586,19.01346198
D30.5_34,-17.60472074,-28.26678886
D30.5_35,34.5901714,-2.324275709
D30.5_36,-38.96208634,13.48087625
D30.5_37,1.173196823,14.99999277
D30.5_38,-11.58611556,-30.39762974
D30.5_39,-9.776989201,14.13665475
D30.5_40,24.09454074,-13.04668915
D30.5_41,-27.13943603,-4.946580042
D30.5_42,-13.88841602,-31.57198403
D30.5_43,-2.199550052,3.656348009
D30.5_44,-15.8986942,-14.46704372
D30.5_45,-32.75767771,13.77986935
D30.5_46,-14.86689696,-27.7553898
D30.5_48,-14.79394973,16.20317455
D30.5_49,8.485099055,-26.63997164
D30.5_50,-15.0531871,-18.50297405
D30.5_51,1.776981466,21.71244917
D30.5_53,-9.166943546,5.732117456
D30.5_54,0.362479484,-0.562980966
D30.5_55,-8.757574875,0.710068574
D30.5_56,6.930535241,-30.5549569
D30.5_57,10.88610233,-29.6579404
D30.5_58,-13.68872602,-20.49332355
D30.5_59,-43.56700816,-6.860799705
D30.5_61,-14.03819926,-26.11346228
D30.5_62,-5.723116989,-5.374634488
D30.5_63,-8.502378109,4.904114501
D30.5_64,-18.22867038,-29.47296609
D30.5_65,-10.16749094,6.604976982
D30.5_66,-11.82817572,14.32034705
D30.5_67,-12.80438845,8.729227579
D30.5_69,16.34929666,-23.43709185
D30.5_70,-13.69072811,10.43844713
D30.5_71,-5.383390948,10.65647043
D30.5_72,-44.09906309,-5.51247228
D30.5_73,-15.01125579,7.983224032
D30.5_74,23.25865542,13.41711436
D30.5_75,5.75237676,16.29532922
D30.5_76,34.06609046,3.750389159
D30.5_78,-11.4252803,-28.59958818
D30.5_79,-39.16416653,13.87593231
D30.5_80,-43.48469237,-4.745992743
D30.5_81,-13.29903213,-27.93012693
D30.5_82,27.17915922,-0.448335643
D30.5_83,-10.51048032,9.641293261
D30.5_84,-12.54318268,7.752066418
D30.5_85,30.3472097,-4.442313223
D30.5_88,-4.188430629,9.298005269
D30.5_89,-27.21836374,27.19976065
D30.5_90,-43.66031292,-6.695765242
D30.5_91,34.1400559,-2.187895441
D30.5_92,-9.932344208,5.325435258
D30.5_93,-9.343055634,5.724545252
D30.5_94,-5.478975178,19.46562601
D30.6_1,-11.22248742,12.37292301
D30.6_2,-9.386583948,13.47217384
D30.6_3,-39.51600392,-5.801317146
D30.6_4,-2.423824677,3.762132996
D30.6_5,-36.44134056,16.99292908
D30.6_6,35.24667555,0.867964662
D30.6_7,5.822080752,6.03971592
D30.6_9,2.750120125,20.93046028
D30.6_10,-40.6031051,-4.625851779
D30.6_11,21.76773506,-18.71471257
D30.6_12,-15.0942953,-21.76974352
D30.6_13,30.31347813,-2.233632348
D30.6_14,6.797573281,-30.35472063
D30.6_15,6.833688818,-27.3210273
D30.6_16,-8.60764897,12.1352061
D30.6_17,-42.4083188,-5.650695775
D30.6_18,14.40183296,-29.5270454
D30.6_19,-15.10635544,9.841620492
D30.6_20,-16.85933808,-16.43176696
D30.6_21,10.91527097,-28.55120683
D30.6_22,8.25613925,0.947715875
D30.6_23,-39.66124678,-6.388146581
D30.6_24,1.565512436,16.19694651
D30.6_25,-12.40116322,-22.34890544
D30.6_26,-7.153034171,12.6762948
D30.6_27,-45.99802198,-5.317090772
D30.6_28,-40.30224204,-7.692401137
D30.6_30,6.044474837,17.3962832
D30.6_31,-0.110195885,4.309525991
D30.6_32,-0.302403008,12.38631685
D30.6_33,-11.21739645,12.48207514
D30.6_34,-12.27179864,-21.89662651
D30.6_35,31.68455957,0.154316086
D30.6_36,-9.661272181,7.296802142
D30.6_37,-38.19111652,12.6173335
D30.6_38,17.31009294,-29.45363571
D30.6_39,-13.39808408,11.3146104
D30.6_40,-30.66441527,18.23494229
D30.6_41,-6.507041665,14.7885381
D30.6_42,-9.470801037,5.654420148
D30.6_44,-35.13506145,22.04054318
D30.6_45,-13.27640061,15.61749605
D30.6_46,-5.273370353,10.11545606
D30.6_47,4.893773868,-29.89149272
D30.6_48,-12.20790445,-31.44203681
D30.6_49,28.73994018,-1.489461281
D30.6_50,-7.42816903,13.56205026
D30.6_51,-14.69356124,7.945687684
D30.6_52,-14.80274571,-26.83743099
D30.6_53,27.06309919,-0.795394618
D30.6_54,6.823260171,-31.37503909
D30.6_55,-6.092038008,14.55552605
D30.6_56,18.51004267,-20.82316423
D30.6_57,-18.07118495,-23.55133894
D30.6_58,34.49453532,-0.353845103
D30.6_59,12.846506,-20.19254732
D30.6_60,17.06974649,-20.54634495
D30.6_61,-19.28707128,-19.52103133
D30.6_62,-12.05554671,6.680146641
D30.6_63,0.082440891,21.34422082
D30.6_64,-12.3214597,-28.088347
D30.6_65,-10.30687123,14.47129076
D30.6_66,-14.99171447,7.602840958
D30.6_67,0.119591416,-3.737216472
D30.6_68,17.05341045,-14.28831203
D30.6_69,-14.64461523,-27.85372586
D30.6_70,5.75802686,6.008728222
D30.6_71,-10.35647849,6.652544616
D30.6_72,3.086791749,18.37301992
D30.6_74,-9.159704125,12.41538161
D30.6_75,0.172707584,6.075094822
D30.6_76,27.63638539,-9.142778984
D30.6_77,-12.38500436,-22.98447298
D30.6_78,-17.02907114,-28.39134619
D30.6_79,17.68874498,-13.89761619
D30.6_80,-39.0342835,14.80645742
D30.6_81,-6.928541965,9.495790465
D30.6_82,8.290994785,2.347407633
D30.6_83,18.9565922,-17.08498569
D30.6_84,-41.80830616,-7.453318773
D30.6_85,0.149078268,11.56899144
D30.6_86,-15.44759797,-29.65267727
D30.6_87,3.623972153,5.028380937
D30.6_88,-6.486596567,10.11457462
D30.6_89,-15.5080354,11.30283445
D30.6_90,27.14966752,13.20747042
D30.6_91,-0.683693675,4.745222011
D30.6_92,30.54445045,0.159535875
D30.6_93,-43.8757708,-5.591831184
D30.6_94,12.51001017,-23.43935127
D30.7_1,-28.42505007,16.95546271
D30.7_2,-0.441730192,2.630777219
D30.7_3,7.393709265,-24.32341814
D30.7_4,10.19766615,-30.37522848
D30.7_5,12.44274663,13.34602516
D30.7_6,-6.107329744,3.309810111
D30.7_7,32.82024918,0.841930353
D30.7_8,12.9946274,1.519941145
D30.7_9,-5.717245392,-5.370675902
D30.7_10,0.955119765,-1.774211407
D30.7_11,-28.85530131,17.66761994
D30.7_12,-4.02460451,11.05016537
D30.7_13,25.96907441,-8.456981043
D30.7_14,0.226078032,5.972449222
D30.7_15,-18.49600668,-28.34520296
D30.7_16,7.936884135,2.290768049
D30.7_17,-14.30136637,-19.74149884
D30.7_18,3.258309139,0.950156314
D30.7_20,-27.99555259,23.00339008
D30.7_21,10.4422234,-31.06279447
D30.7_22,11.85536798,-29.69797952
D30.7_23,26.50619883,-0.349778476
D30.7_24,-36.05068223,19.45543948
D30.7_25,7.807823126,11.10003215
D30.7_26,1.130391475,11.23750876
D30.7_28,-33.01116637,20.44789991
D30.7_29,31.53106423,6.090702014
D30.7_30,-43.84657114,-5.225033863
D30.7_31,30.94189945,-0.875004046
D30.7_32,33.31212175,2.447312121
D30.7_33,-45.24539083,-4.892067364
D30.7_35,-13.59579811,-28.31497594
D30.7_36,11.2421763,7.434097719
D30.7_38,-40.99991534,-4.929696522
D30.7_39,-37.22155611,15.83242477
D30.7_40,-6.72108595,3.773860676
D30.7_41,-1.039580193,4.63231089
D30.7_42,-2.311822834,4.506715656
D30.7_43,5.466208045,15.19719638
D30.7_44,11.903432,-30.50358811
D30.7_45,-13.76624686,7.004979126
D30.7_46,-15.19192201,-20.12682208
D30.7_47,10.24606302,1.100532348
D30.7_48,13.50846706,-30.32471399
D30.7_49,0.789001329,1.424562369
D30.7_51,-11.4254949,-22.38914607
D30.7_52,-0.290595878,11.35552058
D30.7_53,28.41402619,-1.705536115
D30.7_54,6.583304233,-28.2251735
D30.7_55,31.70883801,5.87977466
D30.7_56,7.373729235,-24.63318948
D30.7_57,12.44107332,10.7160751
D30.7_60,-0.507177871,22.1770088
D30.7_61,4.436082846,-0.902243211
D30.7_62,17.13705147,-27.47919085
D30.7_63,18.22390865,-11.92798326
D30.7_64,6.761440185,16.31696351
D30.7_65,-2.542458863,4.490352697
D30.7_66,2.835971421,14.0625337
D30.7_67,5.110167765,6.244898289
D30.7_68,-4.865102136,1.6776648
D30.7_70,19.04271882,-25.88773215
D30.7_71,-6.13124309,2.654097537
D30.7_72,-42.17091147,-6.291510871
D30.7_73,7.600056749,2.868554027
D30.7_74,-14.37387704,-30.32058786
D30.7_75,5.836614406,8.045225766
D30.7_76,20.46011651,-25.49988384
D30.7_77,-1.074309375,5.084878025
D30.7_78,5.014196238,8.768214757
D30.7_79,6.625368229,-30.64818039
D30.7_80,10.63986565,-30.71992585
D30.7_81,-44.93146465,-6.18902748
D30.7_82,25.13097195,-14.50509104
D30.7_83,-15.15943086,-30.56380333
D30.7_84,-35.53011074,-8.794530027
D30.7_85,-11.95938229,-29.72047167
D30.7_86,-42.95366265,-5.330216886
D30.7_87,4.859571533,10.06481102
D30.7_88,-27.33714339,-5.236022352
D30.7_89,36.38720973,0.755576501
D30.7_90,-25.86949032,-2.818311029
D30.7_91,-31.95243557,14.45418279
D30.7_92,5.640023226,12.09312744
D30.7_93,1.578255941,4.227205991
D30.7_94,5.628091206,-25.85166593
D30.8_1,3.764201745,5.396519716
D30.8_2,-3.471347853,2.476258893
D30.8_3,28.62801337,2.598287542
D30.8_4,-13.04910904,-20.46724074
D30.8_5,11.14307059,13.60704369
D30.8_6,12.42325012,-30.19733178
D30.8_7,-2.500625799,11.65955901
D30.8_8,-11.29259185,-22.49540887
D30.8_9,34.39247931,-2.697978137
D30.8_10,3.967663839,15.76695398
D30.8_11,-3.50484433,2.947711052
D30.8_12,12.98511553,-26.87463739
D30.8_13,-2.63588349,4.323130105
D30.8_14,18.73697015,-17.01146621
D30.8_15,-40.4886436,-6.061276036
D30.8_16,-19.09327166,-20.56153838
D30.8_17,16.32730183,-19.78905141
D30.8_18,-38.15567304,-8.018972241
D30.8_19,-8.559324856,14.57291972
D30.8_20,0.308386166,3.290582034
D30.8_21,-28.15855882,-6.446861072
D30.8_22,-17.33186241,-13.10508013
D30.8_23,8.183159659,2.855673989
D30.8_25,-42.36958666,-5.236544513
D30.8_26,-8.1161119,-0.164201478
D30.8_27,17.33901676,-26.90016178
D30.8_28,4.568519199,3.725319334
D30.8_29,-11.96521053,-30.20508143
D30.8_31,-1.072318653,13.12649518
D30.8_32,29.97972011,-2.339695122
D30.8_33,-38.49193625,16.07162582
D30.8_34,-25.38399046,-3.155324758
D30.8_35,17.67293642,-22.67233784
D30.8_36,-28.78435933,25.43026847
D30.8_37,-38.87008443,13.98215686
D30.8_38,-12.71759462,-28.85764797
D30.8_39,12.99178447,9.676534861
D30.8_40,34.65378874,3.660530573
D30.8_43,2.352302016,11.01943589
D30.8_44,-6.394154289,0.392252011
D30.8_45,10.5977711,-21.36660316
D30.8_46,14.0612576,-21.76699852
D30.8_47,6.568763343,5.832470775
D30.8_48,-4.03452573,22.15093163
D30.8_49,15.61657359,-12.928064
D30.8_50,-44.47210322,-5.072905306
D30.8_51,7.334756335,-28.67338224
D30.8_52,7.772012319,5.593674489
D30.8_53,-2.813634513,5.838131058
D30.8_54,2.798939035,12.89660493
D30.8_55,30.00343526,-1.805160173
D30.8_57,-42.16180636,-7.054425433
D30.8_59,5.40437301,-25.10003723
D30.8_60,-44.48450497,-5.365299241
D30.8_62,16.6498068,-13.34151911
D30.8_63,-39.70275739,13.29346506
D30.8_64,9.76814643,1.112428334
D30.8_65,-39.14247559,12.87769558
D30.8_66,36.35937258,0.425360154
D30.8_67,-0.264127056,-3.775670532
D30.8_68,6.470225854,-23.0967825
D30.8_69,-34.82451051,13.82531801
D30.8_70,10.628064,8.974299652
D30.8_71,0.269444733,3.018243937
D30.8_73,14.66058328,-23.88416812
D30.8_74,17.67571143,-29.28405375
D30.8_75,4.830556269,4.39884528
D30.8_76,-12.13044863,19.77428971
D30.8_77,-4.29518383,9.507672207
D30.8_78,3.348769424,5.727163017
D30.8_79,-12.53571098,8.838124187
D30.8_80,7.728309161,-24.0732415
D30.8_81,-34.71173735,13.99667824
D30.8_82,-12.39120848,-18.52729393
D30.8_83,8.940774344,6.866609015
D30.8_84,-37.76533305,12.40451906
D30.8_85,4.602343533,-29.5750725
D30.8_86,29.53938117,-5.990380409
D30.8_87,-25.31689037,-2.717407732
D30.8_88,30.19785497,-3.821734138
D30.8_89,6.644054468,14.33709108
D30.8_90,-4.824101109,-3.342545242
D30.8_91,-44.32355429,-6.245517079
D30.8_92,-7.068695116,-0.106434648
D30.8_93,-14.49069556,-30.29698671
D30.8_94,-44.69866774,-6.998592841
