,UMAP_1,UMAP_2,labels
D28.1_1,2.419458777,5.398525079,alpha
D28.1_2,-16.46421564,-1.263448279,endothelial
D28.1_3,0.425052524,-3.764487903,delta
D28.1_4,6.742583394,-12.817578,beta
D28.1_13,-13.81844461,-3.70720927,duct
D28.1_15,6.798361898,6.64548095,alpha
D28.1_17,4.249091625,3.546020825,alpha
D28.1_26,-16.77472246,-1.06051008,endothelial
D28.1_29,3.102594972,6.734194596,alpha
D28.1_30,3.133137286,5.702204068,alpha
D28.1_37,-9.761175513,5.187077363,acinar
D28.1_38,-9.166633963,5.894672234,acinar
D28.1_39,5.659334302,3.094933589,alpha
D28.1_40,2.448359013,6.085874398,alpha
D28.1_41,1.049885273,5.702755292,alpha
D28.1_43,5.061896205,-6.195941608,beta
D28.1_49,-11.94644296,-2.722007196,beta
D28.1_50,-9.716050505,5.411755402,acinar
D28.1_51,3.862617731,7.55574878,alpha
D28.1_52,-12.85776651,-2.67603771,duct
D28.1_55,-8.420784354,4.664423545,acinar
D28.1_61,0.744227767,-3.814468066,delta
D28.1_62,-9.902927756,5.549532254,acinar
D28.1_63,5.563886285,5.379598935,alpha
D28.1_65,5.765970588,-10.16800849,beta
D28.1_66,-12.3660711,-2.585002105,duct
D28.1_67,-8.863475203,4.547437747,acinar
D28.1_68,-9.922724128,5.955753167,acinar
D28.1_73,-9.676468253,4.791151841,acinar
D28.1_74,-3.373247981,3.217686017,alpha
D28.1_75,1.130640388,7.086668809,alpha
D28.1_76,-4.242450595,1.129126836,pp
D28.1_77,-10.38722932,-2.903080146,duct
D28.1_80,-10.29744184,-2.807199399,duct
D28.1_85,-8.801627517,6.993408997,pp
D28.1_86,-9.297678351,4.009854634,acinar
D28.1_87,-8.477120757,7.866697152,acinar
D28.1_88,5.154248595,6.410496552,alpha
D28.1_89,0.508602739,-3.330154578,delta
D28.1_90,-12.6365875,-2.779556911,duct
D28.1_91,-10.44132555,-2.03904144,duct
D28.2_1,-8.883689284,5.980785687,acinar
D28.2_2,3.100352764,7.297850926,alpha
D28.2_4,-9.948193908,6.660728772,acinar
D28.2_5,3.043868303,7.060781319,alpha
D28.2_13,-9.678713202,-4.915076892,duct
D28.2_15,-9.7092489,6.405878384,acinar
D28.2_16,-12.99942243,-2.856105726,duct
D28.2_17,-12.84911478,-2.380081575,duct
D28.2_18,-7.961135268,8.007823785,acinar
D28.2_26,-12.29528654,-3.370702903,duct
D28.2_28,3.178419054,5.715731938,alpha
D28.2_29,-12.79350126,-3.639548938,duct
D28.2_37,-4.094179034,3.104852517,alpha
D28.2_38,7.269282937,-12.86007659,beta
D28.2_39,-9.07323873,6.976731618,acinar
D28.2_40,-12.59149587,-3.22567908,duct
D28.2_41,-3.710142016,8.652236302,mesenchymal
D28.2_42,-9.014374137,6.71835645,acinar
D28.2_43,2.70242416,5.08763345,alpha
D28.2_49,-8.884864211,3.842871506,acinar
D28.2_51,3.224923551,5.74914201,alpha
D28.2_52,3.063979984,5.467002709,alpha
D28.2_53,-9.475158095,3.63318332,acinar
D28.2_61,-10.21148431,6.445924123,acinar
D28.2_63,-4.422057032,3.263701279,pp
D28.2_64,-9.74729383,-4.63772599,duct
D28.2_65,2.640056282,5.944012482,alpha
D28.2_66,-14.80336893,-0.596500437,duct
D28.2_68,5.759344936,5.955926736,alpha
D28.2_73,7.928022504,-13.10361163,beta
D28.2_74,-9.242747664,5.033957799,acinar
D28.2_75,-10.69168603,4.4763604,acinar
D28.2_76,-16.39900339,-1.083888809,endothelial
D28.2_78,-8.844912886,3.324678261,beta
D28.2_79,-14.53333414,0.004504223,duct
D28.2_85,2.505749956,5.256572564,alpha
D28.2_86,-8.923924804,7.087457497,acinar
D28.2_87,-8.875295043,5.09104522,acinar
D28.2_89,-8.669732451,7.178331692,acinar
D28.2_90,-0.154383778,3.779349644,alpha
D28.2_91,-5.028982043,3.05762132,pp
D28.3_3,3.484903991,5.218732197,alpha
D28.3_4,-9.512355208,4.111315568,acinar
D28.3_5,2.620929837,7.746311028,alpha
D28.3_6,6.044672609,-11.38855521,beta
D28.3_7,2.962408841,6.091584046,alpha
D28.3_8,4.232519508,4.723220666,alpha
D28.3_13,1.840147913,5.729957421,alpha
D28.3_14,-5.059339404,3.092031319,pp
D28.3_15,3.481239021,6.635819752,alpha
D28.3_16,0.814307571,-3.788488071,delta
D28.3_17,-14.79507387,-0.647013109,duct
D28.3_18,-4.650064349,2.309294422,pp
D28.3_25,-9.6390661,6.548332055,acinar
D28.3_26,-9.054090857,5.312137921,acinar
D28.3_27,5.394261003,-13.13141505,beta
D28.3_28,-8.777169585,5.038638909,acinar
D28.3_29,-12.40748727,-3.167225997,duct
D28.3_30,7.564040303,-10.79058043,beta
D28.3_31,-7.423813224,8.047606786,acinar
D28.3_37,5.561403156,-13.17073695,beta
D28.3_38,3.124270618,5.741937955,alpha
D28.3_40,-9.124369025,5.31649812,acinar
D28.3_41,8.147810579,-12.946654,beta
D28.3_42,3.809574962,6.818904717,alpha
D28.3_43,-16.47000825,-0.990829031,endothelial
D28.3_44,-9.38514173,6.795696576,acinar
D28.3_49,-12.71398962,-3.26625077,duct
D28.3_50,-8.778773665,5.997568448,acinar
D28.3_51,-9.534231543,5.423353989,acinar
D28.3_52,-9.154661536,4.481598456,acinar
D28.3_53,-10.81399381,-4.411823909,duct
D28.3_54,-13.27036226,-3.371956985,duct
D28.3_55,3.999035001,3.028680165,alpha
D28.3_61,1.165773392,-2.888167302,delta
D28.3_62,-10.87800443,4.982162793,acinar
D28.3_63,-10.01849401,-4.680073421,duct
D28.3_64,2.37915203,7.885949452,alpha
D28.3_65,-9.703679442,5.67509063,acinar
D28.3_68,3.90503037,7.620223839,alpha
D28.3_69,3.187655598,7.117209752,alpha
D28.3_73,-12.28297651,-2.79296128,duct
D28.3_75,-10.00853956,5.52398475,acinar
D28.3_76,2.70284365,7.274226506,alpha
D28.3_77,-8.38134706,7.630946,acinar
D28.3_78,0.960419536,-3.232127588,delta
D28.3_79,2.723492311,6.09792455,alpha
D28.3_85,-9.709000945,6.322080929,acinar
D28.3_86,-13.48654878,-3.308281104,duct
D28.3_88,-14.72479379,0.250225325,duct
D28.3_89,7.842711568,-11.96096102,alpha
D28.3_90,-8.720211386,7.132060845,acinar
D28.3_91,-9.51249063,6.20562156,acinar
D28.3_92,2.231178969,5.303194363,alpha
D28.4_1,-14.67739809,0.282561053,duct
D28.4_3,-0.250622868,-6.600296657,delta
D28.4_4,-9.182944655,4.847232659,acinar
D28.4_13,3.15625009,6.334236939,alpha
D28.4_14,-2.496535182,8.443310101,duct
D28.4_15,3.9691571,4.409955819,alpha
D28.4_17,-9.857757926,6.023443539,acinar
D28.4_22,-13.85357797,-4.080687682,duct
D28.4_26,-4.80679357,3.061942656,pp
D28.4_27,3.109095454,5.490492184,alpha
D28.4_28,-9.921562552,3.662778218,duct
D28.4_29,1.664438129,5.529472192,alpha
D28.4_30,4.113598466,5.445959408,alpha
D28.4_31,8.459043622,-13.37686888,beta
D28.4_37,2.777118124,5.992210705,alpha
D28.4_38,-4.868283152,3.255902131,pp
D28.4_39,2.723327547,5.54810365,alpha
D28.4_40,-10.63624036,4.174714167,duct
D28.4_41,2.436041236,5.288879235,alpha
D28.4_43,-13.01508653,-3.4851772,duct
D28.4_49,-9.076448798,5.107215245,acinar
D28.4_50,-10.56823766,-3.53543822,duct
D28.4_51,-10.31584108,5.611878236,acinar
D28.4_52,-11.22042119,-4.704220454,duct
D28.4_53,-8.600192427,4.252259572,acinar
D28.4_54,-8.365638137,4.755112965,acinar
D28.4_55,-13.40581453,-2.92682759,duct
D28.4_56,1.76993525,5.412107785,alpha
D28.4_61,-8.798374533,4.980505307,acinar
D28.4_62,2.82873705,6.169926961,alpha
D28.4_63,-8.043417334,8.024379094,acinar
D28.4_65,3.017884255,5.573533375,alpha
D28.4_67,-10.99703157,4.943864663,acinar
D28.4_73,-9.882294059,-4.732582252,duct
D28.4_74,-13.1393646,-2.714858453,duct
D28.4_75,-9.388389945,3.652999718,duct
D28.4_76,2.380739749,4.843207677,alpha
D28.4_77,8.250417352,-13.16068236,beta
D28.4_78,-11.72832429,-2.26684777,duct
D28.4_85,-7.998824477,8.294570286,acinar
D28.4_86,-9.089981437,6.738357861,acinar
D28.4_87,4.157462001,7.400543053,alpha
D28.4_88,8.304116845,-12.37099807,alpha
D28.4_89,-9.108053565,4.234541733,acinar
D28.4_90,-4.482890487,3.3901666,pp
D28.4_91,-12.61338174,-4.315432708,duct
D29.1_1,5.262111545,8.203600724,alpha
D29.1_2,-16.56778276,-1.00501148,endothelial
D29.1_3,-0.711788297,-2.618106048,delta
D29.1_4,6.881564737,4.736350854,alpha
D29.1_6,6.396539808,4.204318602,alpha
D29.1_7,7.136640668,4.861969311,alpha
D29.1_8,5.672937274,-11.19197146,delta
D29.1_11,6.221813798,7.482154687,alpha
D29.1_12,-4.938860297,1.609903712,pp
D29.1_13,5.806157232,5.295392831,alpha
D29.1_15,-3.997314811,1.481849809,pp
D29.1_16,0.27479589,-4.988254707,delta
D29.1_17,6.786110997,4.763412316,alpha
D29.1_18,6.596153617,3.947918732,alpha
D29.1_19,6.19124353,7.552499135,alpha
D29.1_20,6.531067491,7.116077264,alpha
D29.1_21,5.966776967,-10.90428702,beta
D29.1_24,4.259517789,-10.23114459,beta
D29.1_26,6.795555711,3.832934935,alpha
D29.1_27,5.984711051,8.473444779,alpha
D29.1_29,6.658346772,5.975248177,alpha
D29.1_30,-3.493715167,1.510968704,pp
D29.1_32,6.924589753,6.955459435,alpha
D29.1_33,-0.165044904,-7.633225124,delta
D29.1_34,7.432629228,5.417055924,alpha
D29.1_35,-3.015226722,1.954897721,pp
D29.1_36,5.203850866,-8.420936267,beta
D29.1_37,5.258142352,8.59998687,alpha
D29.1_38,6.094163776,4.81825908,alpha
D29.1_39,5.227413535,-6.69522063,beta
D29.1_40,5.256007075,-11.59171836,beta
D29.1_41,6.825491548,7.573630173,alpha
D29.1_42,-0.436555505,-7.616038005,delta
D29.1_44,4.890685439,7.614715893,alpha
D29.1_45,-0.490077138,-2.730119626,delta
D29.1_46,7.038722158,6.311892827,alpha
D29.1_47,6.803727746,7.618461926,alpha
D29.1_48,5.033883691,-10.26907603,beta
D29.1_49,-0.708596587,-7.333892505,delta
D29.1_50,4.892815709,8.291123231,alpha
D29.1_51,5.955136419,7.037155469,alpha
D29.1_52,4.379838348,-11.30159442,beta
D29.1_53,4.224600434,-11.3706042,beta
D29.1_54,-11.97308481,-4.014447372,duct
D29.1_55,7.051543832,8.09835418,alpha
D29.1_56,-0.129294991,-2.80763952,delta
D29.1_57,0.246863723,-7.313806217,delta
D29.1_58,-5.088936686,2.166641433,pp
D29.1_59,5.153696895,7.823823769,alpha
D29.1_60,3.965978146,7.365654786,alpha
D29.1_61,-2.020823836,8.811751683,mesenchymal
D29.1_62,5.432108283,5.585185845,alpha
D29.1_65,-11.35302007,-2.136208932,duct
D29.1_66,-3.781228423,1.654054005,pp
D29.1_67,-4.753631472,2.876311619,pp
D29.1_68,-7.92480886,7.485517342,acinar
D29.1_69,7.766602159,7.034718354,alpha
D29.1_70,4.314450979,-10.44332759,beta
D29.1_71,-5.207260012,1.579324086,pp
D29.1_72,-5.266420245,2.408169348,pp
D29.1_73,-4.639175296,1.432346244,pp
D29.1_74,0.537669778,-2.726051729,delta
D29.1_75,5.571924091,-10.69812361,beta
D29.1_76,6.809324384,5.97281297,alpha
D29.1_77,5.315434337,-9.92510287,beta
D29.1_78,4.630872607,-12.68692652,beta
D29.1_79,5.57499063,-11.03393237,beta
D29.1_80,6.632246852,8.053600152,alpha
D29.1_81,4.047739506,-10.57837455,beta
D29.1_82,4.583617091,-10.06667105,beta
D29.1_83,-0.138364672,-2.876245658,delta
D29.1_84,4.754511237,-9.84670798,beta
D29.1_86,-4.742239833,2.175467808,pp
D29.1_87,7.038523793,5.299340089,alpha
D29.1_88,4.847236991,-11.83090464,beta
D29.1_89,5.295718312,8.275416215,alpha
D29.1_90,-5.234487414,2.33218189,pp
D29.1_92,3.916069985,-11.13851802,beta
D29.1_93,0.277500272,-3.848893802,delta
D29.1_94,4.933518291,-11.43609587,beta
D29.2_1,-2.352950454,8.766719182,mesenchymal
D29.2_3,3.824523568,6.827924092,alpha
D29.2_4,-0.115290284,-4.669771354,delta
D29.2_5,5.502685428,-11.83218161,beta
D29.2_6,6.034665466,7.376058896,alpha
D29.2_7,-10.58247697,-1.453324001,duct
D29.2_8,6.57133925,8.172467072,alpha
D29.2_9,-0.082259297,-2.625720184,delta
D29.2_10,-0.439376473,-7.330129306,delta
D29.2_11,4.353537679,-10.9403588,beta
D29.2_12,-10.55400121,-4.1591417,duct
D29.2_13,4.920292974,7.040540059,alpha
D29.2_15,6.169473529,4.421967585,alpha
D29.2_16,0.661176801,-7.270027797,delta
D29.2_18,4.916093469,-12.61642329,beta
D29.2_19,-5.046110511,2.383808453,pp
D29.2_20,4.722242236,-12.78948657,beta
D29.2_22,7.014707208,5.954615433,alpha
D29.2_24,4.210882902,-11.61190097,beta
D29.2_25,6.485837341,7.496004422,alpha
D29.2_26,4.670984864,-11.36781279,beta
D29.2_27,5.933014989,-11.96882598,beta
D29.2_28,6.239351392,7.183029015,alpha
D29.2_30,5.494337917,-10.79921977,beta
D29.2_31,6.400128007,4.377893765,alpha
D29.2_33,5.224238277,6.434993108,alpha
D29.2_34,-0.054863572,-3.609476726,delta
D29.2_35,6.357452512,6.856318791,alpha
D29.2_37,4.756319881,7.286004861,alpha
D29.2_38,6.65941608,8.006247361,alpha
D29.2_39,4.927135825,7.55424865,alpha
D29.2_41,6.564186692,7.147377808,alpha
D29.2_42,-4.857093692,1.865015705,pp
D29.2_43,-4.026094317,1.881691177,pp
D29.2_45,6.700622916,5.202511628,alpha
D29.2_46,-0.035489678,-2.787521045,delta
D29.2_47,-4.060666919,1.812257607,pp
D29.2_48,7.407155633,5.563796838,alpha
D29.2_49,-14.55834901,0.169214924,duct
D29.2_50,5.139014363,-12.00216452,beta
D29.2_51,7.651966691,6.874590714,alpha
D29.2_52,4.98828876,7.231406529,alpha
D29.2_53,4.824477792,-11.14804999,beta
D29.2_54,5.411001325,-6.831612747,duct
D29.2_56,4.620311499,-10.87100188,beta
D29.2_57,-10.56383932,-1.555531423,duct
D29.2_58,-4.195359587,1.947857459,pp
D29.2_59,-4.994261145,2.72295316,pp
D29.2_60,4.32392931,-9.764995258,beta
D29.2_61,-11.41134584,-4.098614375,duct
D29.2_62,5.303208709,-12.48115508,beta
D29.2_63,-10.40713632,-1.550798337,duct
D29.2_64,-5.017715335,1.90141948,pp
D29.2_65,-10.25655496,-3.077416818,duct
D29.2_66,4.477324128,-12.88410918,beta
D29.2_67,5.873649001,6.448022683,alpha
D29.2_68,-4.676596999,2.361463864,pp
D29.2_69,7.087796807,7.561003049,alpha
D29.2_70,5.190575004,-12.69343535,beta
D29.2_71,5.73566711,7.856673081,alpha
D29.2_72,4.68252337,-9.25978152,beta
D29.2_74,6.061616063,5.149053414,alpha
D29.2_75,6.736739755,7.391082604,alpha
D29.2_76,7.271918893,5.320617039,alpha
D29.2_78,-4.446461081,2.485909183,pp
D29.2_79,4.613288045,-11.03008429,beta
D29.2_80,5.450460792,-12.60977332,beta
D29.2_81,5.768110156,-12.65689532,beta
D29.2_82,0.155623794,-2.955197971,delta
D29.2_84,5.088687301,7.241764386,alpha
D29.2_87,-4.880633235,2.448820431,pp
D29.2_88,-11.44979703,-4.265212219,duct
D29.2_89,5.063453794,-11.93787162,beta
D29.2_90,6.663517118,6.473242123,alpha
D29.2_91,7.380457521,7.104591687,alpha
D29.2_92,-4.861345172,1.418021102,pp
D29.2_93,4.762959838,7.042363007,alpha
D29.2_94,6.394915939,5.362417062,alpha
D29.3_1,-3.421325564,1.396098335,pp
D29.3_3,6.42182672,4.055135806,alpha
D29.3_5,6.056310773,-11.54460494,beta
D29.3_6,-7.405967116,7.166576703,acinar
D29.3_7,4.202705741,-11.7667195,beta
D29.3_8,-0.540115714,-3.317475955,delta
D29.3_9,0.297976613,-3.491179149,delta
D29.3_11,-0.666305661,-7.591409366,delta
D29.3_12,-13.01550519,-3.236619632,beta
D29.3_13,0.697767616,-3.463402431,delta
D29.3_15,-4.727478385,1.7467223,pp
D29.3_16,-3.601035476,1.458380242,pp
D29.3_17,-11.39535844,-3.204630773,duct
D29.3_18,7.112880349,5.215516885,alpha
D29.3_21,4.948687434,-11.42530696,beta
D29.3_22,6.377143979,5.829889615,alpha
D29.3_23,4.44630909,-9.339259784,beta
D29.3_24,4.614697457,-12.81592719,beta
D29.3_25,6.024678588,3.755625327,alpha
D29.3_28,5.751010537,-10.87442271,beta
D29.3_29,6.37904799,7.937481721,alpha
D29.3_30,5.979314208,6.901354153,alpha
D29.3_31,5.68526876,5.211158593,alpha
D29.3_32,-4.725448489,2.614015658,pp
D29.3_33,6.714988828,7.271080334,alpha
D29.3_34,6.905533433,6.77030452,alpha
D29.3_36,4.864203334,-7.841783206,beta
D29.3_37,7.861094117,-11.93845526,beta
D29.3_38,5.790659785,8.675903638,alpha
D29.3_39,5.120873571,-12.42189376,beta
D29.3_40,6.222041488,6.306871255,alpha
D29.3_42,6.021412254,7.573377927,alpha
D29.3_43,0.176946759,-2.823154847,delta
D29.3_44,-4.947462916,1.74490412,pp
D29.3_45,-0.539953351,-6.857866924,delta
D29.3_47,5.278665424,7.568053086,alpha
D29.3_48,4.940420985,-8.676454227,beta
D29.3_49,6.037191987,7.984063466,alpha
D29.3_51,4.112555027,-10.85437457,beta
D29.3_52,4.475303889,-11.0746123,beta
D29.3_53,6.182527423,4.82181247,alpha
D29.3_54,5.895798087,7.414568742,alpha
D29.3_56,7.133530736,7.690749963,alpha
D29.3_57,-0.144251227,-3.283702056,delta
D29.3_58,0.710939646,-3.366819541,delta
D29.3_59,4.808395505,-12.19767539,beta
D29.3_60,5.660890699,7.47938474,alpha
D29.3_61,5.458308816,-11.42634932,beta
D29.3_64,4.628147721,-10.05160014,beta
D29.3_66,7.417132974,7.406647999,alpha
D29.3_68,4.857292533,-7.387005489,beta
D29.3_69,-0.777956366,-7.212197463,delta
D29.3_71,-3.337774634,2.367588957,pp
D29.3_72,6.719555974,7.322971661,alpha
D29.3_73,-2.042497992,8.960141499,mesenchymal
D29.3_74,5.008782268,7.770026524,alpha
D29.3_76,6.039331794,5.138157685,alpha
D29.3_77,7.397453427,7.245258649,alpha
D29.3_78,5.17857039,-13.11905352,beta
D29.3_79,5.78378737,6.006588776,alpha
D29.3_81,7.29816401,6.605615933,alpha
D29.3_82,-0.969543576,-7.458642642,delta
D29.3_83,5.699238658,-6.874136607,beta
D29.3_84,5.646343351,4.749902089,alpha
D29.3_85,-0.313722014,-3.634115855,delta
D29.3_86,4.557032108,-10.55063502,beta
D29.3_87,4.442275167,-11.51577632,beta
D29.3_92,5.593221545,7.127671082,alpha
D29.3_93,5.868507981,5.975415547,alpha
D29.3_94,4.496802926,-9.569463413,beta
D29.4_2,5.565571904,6.083741505,alpha
D29.4_3,-3.455539584,1.808039625,pp
D29.4_4,-4.919050574,1.766720731,pp
D29.4_5,6.438529134,3.941656192,alpha
D29.4_6,-4.573796153,2.971019347,pp
D29.4_8,-2.139651179,8.070409615,mesenchymal
D29.4_9,6.223443628,4.897260983,alpha
D29.4_12,5.307772756,5.46640857,alpha
D29.4_13,6.03545773,4.884713013,alpha
D29.4_15,5.764783979,5.018960793,alpha
D29.4_16,6.155252338,4.206315596,alpha
D29.4_17,-0.314357638,-3.487389724,delta
D29.4_18,5.444928289,7.55308326,alpha
D29.4_19,4.830994725,-8.66523997,beta
D29.4_20,-3.626224398,2.046005447,pp
D29.4_22,6.143538594,5.012382348,alpha
D29.4_23,5.274315,-8.397866885,beta
D29.4_25,3.210625827,8.49255832,alpha
D29.4_26,6.066892505,5.319242795,alpha
D29.4_27,5.083578468,-10.86185614,beta
D29.4_28,5.381818652,6.949992497,alpha
D29.4_29,7.350236535,5.977891286,alpha
D29.4_30,5.727468133,6.05225261,alpha
D29.4_31,4.499783874,-11.93996875,beta
D29.4_33,5.211558461,5.403162797,alpha
D29.4_34,6.846934915,5.588905652,alpha
D29.4_35,3.895981074,5.018804391,alpha
D29.4_38,6.678579688,5.80232652,alpha
D29.4_39,4.196430564,-10.35108153,beta
D29.4_41,0.140160203,-3.168765466,delta
D29.4_42,4.613031984,-9.621625583,beta
D29.4_43,-0.404888511,-7.414929073,delta
D29.4_44,4.317358017,-10.83534495,beta
D29.4_45,-11.5819658,-3.563106696,duct
D29.4_46,5.537634731,8.460192998,alpha
D29.4_47,-9.958669066,-4.840158622,duct
D29.4_48,-4.47423923,1.673349996,pp
D29.4_49,7.758834958,5.909766991,alpha
D29.4_50,4.489578963,7.963121255,alpha
D29.4_51,5.883509278,7.406910737,alpha
D29.4_52,4.173748493,-10.4380633,beta
D29.4_53,5.170184255,7.778408368,alpha
D29.4_55,6.718253732,7.279108365,alpha
D29.4_56,5.776862502,3.700416167,alpha
D29.4_57,5.419332624,7.299536545,alpha
D29.4_58,5.255520463,4.280609448,alpha
D29.4_59,4.297992587,-12.11843173,beta
D29.4_60,4.775365472,7.493767579,alpha
D29.4_61,5.453112006,7.439031918,alpha
D29.4_62,5.716343284,8.199006398,alpha
D29.4_63,6.128739,-11.11494128,beta
D29.4_64,0.12401855,-2.748471658,delta
D29.4_65,6.290274263,6.244226296,alpha
D29.4_66,4.71969831,7.02710088,alpha
D29.4_67,4.685073734,-8.776554744,beta
D29.4_68,6.500076413,6.368009885,alpha
D29.4_70,5.924729228,5.999602158,alpha
D29.4_72,6.25075686,4.675259192,alpha
D29.4_73,7.042093396,-10.72810046,beta
D29.4_74,4.871320367,7.163787205,alpha
D29.4_75,6.982980848,6.388428052,alpha
D29.4_77,6.360516429,5.279744466,alpha
D29.4_79,4.436055899,-9.356012027,beta
D29.4_80,7.723221898,6.029545148,alpha
D29.4_81,0.140627265,-2.403471868,delta
D29.4_82,-2.004409671,8.374273141,mesenchymal
D29.4_83,0.071126819,-3.280155341,delta
D29.4_84,-1.27249825,3.23640259,epsilon
D29.4_85,5.207398057,7.108846028,alpha
D29.4_86,-3.954285979,1.999719341,pp
D29.4_88,3.993185759,-10.64199225,beta
D29.4_90,-0.524578929,-7.439554851,delta
D29.4_92,3.897077203,-10.8879439,beta
D29.4_93,6.998950601,7.265044053,alpha
D29.4_94,6.669904113,-12.59903495,beta
D29.5_3,7.546026349,6.235657532,alpha
D29.5_6,-5.077044368,2.3352681,pp
D29.5_7,6.695258737,4.946713288,alpha
D29.5_8,7.586403489,6.049456914,alpha
D29.5_10,4.501847744,-11.38903872,beta
D29.5_11,6.980526567,8.047292073,alpha
D29.5_12,5.10191977,-10.64687697,beta
D29.5_14,5.340205074,-11.30833976,beta
D29.5_17,7.749566674,6.682738621,alpha
D29.5_18,6.349513412,5.465318997,alpha
D29.5_19,5.715914846,8.321739037,alpha
D29.5_20,4.981451392,-9.194276492,beta
D29.5_21,4.699867368,-10.15802829,beta
D29.5_22,4.99731195,-9.687189739,beta
D29.5_23,4.609413982,-12.4090325,beta
D29.5_24,6.005829692,8.197047551,alpha
D29.5_30,5.358292699,-13.12350814,beta
D29.5_31,6.548756957,5.355924924,alpha
D29.5_32,0.940389395,-7.230272929,delta
D29.5_33,6.782906175,7.265659173,alpha
D29.5_34,4.484432101,-10.04035537,beta
D29.5_35,5.955319047,6.024055798,alpha
D29.5_36,0.696047425,-7.078723113,delta
D29.5_37,5.245550275,-10.89384619,beta
D29.5_39,6.774796605,8.001513322,alpha
D29.5_40,4.517414808,-11.39777056,beta
D29.5_43,7.580898881,7.845997174,beta
D29.5_44,6.925827146,4.071312983,alpha
D29.5_46,3.790773392,7.102169831,alpha
D29.5_47,0.397828222,-3.576791446,delta
D29.5_48,4.974295259,-12.94174067,beta
D29.5_49,5.03703773,8.543567498,alpha
D29.5_51,-3.376325011,1.781191547,pp
D29.5_52,4.818831802,-10.30795447,beta
D29.5_53,4.725646377,-10.25391261,beta
D29.5_54,7.173436284,7.329174359,alpha
D29.5_55,4.268024087,-10.18856684,beta
D29.5_56,6.081223369,8.822126706,alpha
D29.5_57,5.618752361,7.99143966,alpha
D29.5_58,5.063264966,-10.22582022,beta
D29.5_59,7.071132779,7.114771207,alpha
D29.5_60,4.756266236,-12.61487071,beta
D29.5_61,4.987616658,-11.39596431,beta
D29.5_62,4.97130549,-13.08020751,beta
D29.5_63,4.866492152,-8.931271236,beta
D29.5_64,-10.24575746,-1.866338413,duct
D29.5_65,6.329156757,8.043193658,alpha
D29.5_66,-0.292014956,-2.646514337,delta
D29.5_67,6.285023332,8.041069348,alpha
D29.5_68,6.448896766,7.515353997,alpha
D29.5_69,4.578200221,-11.81175391,beta
D29.5_70,4.251076818,-10.41229884,beta
D29.5_71,6.995185971,6.471066792,alpha
D29.5_73,-7.80707109,7.119983037,acinar
D29.5_75,6.929742933,5.189193566,alpha
D29.5_76,-0.744898915,-7.316438358,delta
D29.5_77,0.052270055,-3.527383487,delta
D29.5_78,-7.410256743,7.347088654,pp
D29.5_79,-4.510008216,1.880486686,pp
D29.5_82,5.398774505,8.597668488,alpha
D29.5_83,-0.292563319,-4.066759269,delta
D29.5_86,5.441807866,-12.43682353,beta
D29.5_87,6.91653502,8.376123269,alpha
D29.5_89,-10.44143903,-1.803913991,duct
D29.5_91,4.19811678,-10.84604232,beta
D29.5_92,6.008313298,7.26758035,alpha
D29.6_1,7.108842015,4.734165509,alpha
D29.6_3,4.498478651,-12.49826018,beta
D29.6_4,-4.926407218,2.145350177,pp
D29.6_6,-3.338795543,1.511954982,pp
D29.6_8,5.795367122,6.840760548,alpha
D29.6_9,-4.514669776,1.617214282,pp
D29.6_10,-0.936756253,-7.615220706,delta
D29.6_11,-4.281779647,1.394911428,pp
D29.6_16,5.339390397,-11.83163516,beta
D29.6_17,5.447603822,6.430079777,alpha
D29.6_19,7.603105188,6.362285454,alpha
D29.6_21,5.791532159,8.755985577,alpha
D29.6_22,-1.024736285,-7.57317702,delta
D29.6_24,6.909893155,6.194429238,alpha
D29.6_26,6.451016784,6.073959191,alpha
D29.6_27,7.18598187,4.995549042,alpha
D29.6_28,4.449228287,-9.661628406,beta
D29.6_29,6.361083627,5.394445737,alpha
D29.6_30,-0.051708817,-7.199160735,delta
D29.6_32,4.891569019,-12.09291808,beta
D29.6_33,-3.060553431,2.145691951,pp
D29.6_34,7.206525922,8.022404988,alpha
D29.6_38,5.937298417,5.509661992,alpha
D29.6_39,4.13809526,-11.93503157,beta
D29.6_40,6.710124612,5.776368935,alpha
D29.6_41,6.378900171,8.22092994,alpha
D29.6_42,4.178783417,6.871189912,alpha
D29.6_43,4.735329509,-12.80368773,beta
D29.6_44,-0.345841765,-3.539726417,delta
D29.6_46,-0.307730555,-2.315253894,delta
D29.6_48,7.382082105,7.361461003,alpha
D29.6_50,5.154621244,-11.40914981,beta
D29.6_51,4.702910781,6.451097806,alpha
D29.6_52,6.974114537,5.139414628,alpha
D29.6_53,5.864256263,6.348727544,alpha
D29.6_54,7.394193292,5.644923527,alpha
D29.6_55,-4.572975516,1.407335062,pp
D29.6_56,5.180672527,-13.02077548,beta
D29.6_57,7.393092752,6.473566849,alpha
D29.6_58,7.620280862,5.312748749,alpha
D29.6_59,4.788596034,-10.55559413,beta
D29.6_60,6.260664106,7.088388283,alpha
D29.6_62,4.734833837,-12.51814143,beta
D29.6_63,-0.691581845,-7.364003818,delta
D29.6_64,7.397097707,7.667728741,alpha
D29.6_65,6.565086246,6.144607384,alpha
D29.6_66,-0.282945514,-7.539087932,delta
D29.6_67,5.143949628,-11.3017842,beta
D29.6_69,5.689370036,6.978122075,alpha
D29.6_70,5.894946695,-12.84204356,beta
D29.6_72,4.63304925,-10.52130095,beta
D29.6_77,5.099635005,-12.45037715,beta
D29.6_78,6.853785634,7.102512677,alpha
D29.6_79,4.268299103,-11.49547641,beta
D29.6_80,5.536309123,-10.43340365,beta
D29.6_82,5.677934289,7.895641167,alpha
D29.6_84,6.708432794,4.562847216,alpha
D29.6_86,7.077936769,4.348846991,alpha
D29.6_87,-0.187573314,-3.193968694,delta
D29.6_88,-3.804350734,1.605441113,pp
D29.6_89,6.173294187,7.770281632,alpha
D29.6_90,6.506515861,5.743377526,alpha
D29.6_91,6.876463533,5.572872956,alpha
D29.6_94,7.559272886,5.227962811,alpha
D29.7_1,6.054727435,8.324935277,alpha
D29.7_2,4.176262379,-11.05893962,beta
D29.7_3,4.593966127,-11.66289965,beta
D29.7_4,-1.099843859,-7.105272929,delta
D29.7_5,-7.781377196,6.927479108,acinar
D29.7_6,7.679225087,6.873155434,alpha
D29.7_8,-3.709516406,1.738074978,pp
D29.7_12,4.348391175,-12.08521716,beta
D29.7_14,4.518922687,-11.23770396,beta
D29.7_17,4.157508135,-11.92106978,beta
D29.7_18,-16.47478807,-1.173888128,endothelial
D29.7_19,-0.251166463,-2.528791349,delta
D29.7_20,-11.48430765,-3.73283736,duct
D29.7_21,-0.284440398,-2.91966788,delta
D29.7_23,-7.313168883,7.146880467,pp
D29.7_25,6.619664312,6.475918133,alpha
D29.7_28,-0.850924372,-7.681895892,delta
D29.7_30,-4.287127852,1.976966818,pp
D29.7_31,5.393962979,-11.39160411,beta
D29.7_32,6.319496274,4.344618876,alpha
D29.7_33,6.753798604,4.120636065,alpha
D29.7_34,-4.273438811,2.027536829,pp
D29.7_35,-4.584974646,1.943765838,pp
D29.7_36,-4.926913142,2.152357419,pp
D29.7_37,5.326785922,-12.05603949,beta
D29.7_38,6.43672669,5.60578378,alpha
D29.7_39,4.754884839,-10.83350531,beta
D29.7_40,-3.984477401,1.448759456,pp
D29.7_41,5.26232326,-13.28728263,beta
D29.7_42,5.156465888,-10.62442176,beta
D29.7_43,7.025651574,6.67404445,alpha
D29.7_44,5.827293754,7.706217129,alpha
D29.7_45,5.576866746,-11.38170687,beta
D29.7_46,5.134802461,6.266561349,alpha
D29.7_47,6.323717952,8.210378964,alpha
D29.7_48,5.607526422,-12.16683261,beta
D29.7_49,-9.070413947,6.443508942,acinar
D29.7_50,7.585805059,5.399664242,alpha
D29.7_51,5.181486011,7.978143056,alpha
D29.7_52,4.4383986,-11.98535125,beta
D29.7_54,0.329936624,-2.750006835,delta
D29.7_55,5.750580907,5.053182919,alpha
D29.7_56,6.720077157,8.343717892,alpha
D29.7_57,7.304766774,7.636771519,alpha
D29.7_58,5.14900291,-9.138471286,beta
D29.7_59,6.047532439,5.734618504,alpha
D29.7_60,-4.941306948,2.650841792,pp
D29.7_61,-5.315292716,2.435073931,pp
D29.7_62,5.351435781,-6.74262635,duct
D29.7_63,-0.644483447,-2.808986823,delta
D29.7_64,4.675070763,7.614011605,alpha
D29.7_65,5.030077815,6.001038869,alpha
D29.7_68,4.128831029,-10.36954848,beta
D29.7_69,4.564757943,-12.6656901,beta
D29.7_70,5.456944823,8.529694398,alpha
D29.7_71,-0.995940566,3.243080456,epsilon
D29.7_72,6.129119039,7.854399998,alpha
D29.7_73,6.398651958,6.369538148,alpha
D29.7_74,4.424448013,-9.908344905,beta
D29.7_75,4.464325309,-12.3856589,beta
D29.7_76,7.239604593,6.901065667,alpha
D29.7_77,-5.182754397,2.093848307,pp
D29.7_78,-0.554384351,-3.203564803,delta
D29.7_79,0.671290517,-4.162061374,delta
D29.7_80,6.167982221,7.423549016,alpha
D29.7_81,0.024510265,-2.651580255,delta
D29.7_82,7.352829099,7.398774464,alpha
D29.7_84,5.256768108,7.881970723,alpha
D29.7_85,7.036894441,6.861224015,alpha
D29.7_86,4.527500153,-12.17956988,beta
D29.7_87,4.832339168,-9.514671962,beta
D29.7_89,-3.782066703,1.90567251,beta
D29.7_90,6.259104848,6.909031232,alpha
D29.7_92,5.173339725,7.249654134,alpha
D29.7_93,-4.816611647,1.725114186,pp
D29.7_94,-3.72750175,2.130011995,pp
D29.8_2,6.827004552,4.758687337,alpha
D29.8_4,-3.23641479,8.149609406,mesenchymal
D29.8_7,5.252747178,7.069409688,alpha
D29.8_8,4.254388929,-11.45014827,beta
D29.8_10,-0.450810075,-3.864348094,delta
D29.8_11,4.892001748,-11.9177529,beta
D29.8_12,4.656069637,-9.129925411,beta
D29.8_13,-0.834797978,-3.898622672,delta
D29.8_14,6.639681697,5.512926896,alpha
D29.8_15,-2.644569278,8.41291364,delta
D29.8_18,7.473686814,7.354358514,alpha
D29.8_19,-4.802965045,1.631325562,pp
D29.8_20,6.222327829,4.244183619,alpha
D29.8_23,4.001679182,-10.72400347,beta
D29.8_24,6.605355859,4.091968138,alpha
D29.8_25,5.334180951,3.754117091,alpha
D29.8_27,7.312223077,5.413050492,alpha
D29.8_29,5.438237786,7.137603123,alpha
D29.8_30,5.703834176,6.775487263,alpha
D29.8_32,6.300331474,5.73746999,alpha
D29.8_33,6.456634402,5.954685528,alpha
D29.8_34,5.073857427,-11.01161639,beta
D29.8_35,6.082234025,3.802364667,alpha
D29.8_37,6.822126508,3.899619658,alpha
D29.8_39,6.129646182,7.066206296,alpha
D29.8_40,6.649778724,4.332473595,alpha
D29.8_43,-4.515112281,1.349037488,pp
D29.8_45,5.734386087,5.113134225,alpha
D29.8_46,-0.243960738,-3.165863912,delta
D29.8_48,-4.428172946,1.832553108,pp
D29.8_49,5.304292798,-12.18048636,beta
D29.8_50,4.362610936,-10.72421805,beta
D29.8_51,6.424300552,6.54074033,alpha
D29.8_52,-2.385326743,8.928504307,beta
D29.8_54,-0.969272733,-7.158378284,delta
D29.8_55,6.832964063,5.489974339,alpha
D29.8_56,6.544894815,5.050935586,alpha
D29.8_59,7.256961942,5.648825486,alpha
D29.8_60,6.795307756,6.659532864,alpha
D29.8_62,0.9969275,-6.566800754,delta
D29.8_63,-10.50525415,-1.752873342,duct
D29.8_64,6.964345575,7.847804387,alpha
D29.8_65,6.467796683,8.317185719,alpha
D29.8_66,5.915868163,7.256519158,alpha
D29.8_67,-14.55662477,0.004969914,beta
D29.8_68,-0.761845469,-3.073464076,delta
D29.8_72,-0.468001008,-3.018741529,delta
D29.8_73,0.172058225,-2.418239276,delta
D29.8_74,4.774119735,-12.56582705,beta
D29.8_75,-11.8290714,-3.871922653,duct
D29.8_76,6.303253055,5.509442647,alpha
D29.8_77,5.511810184,7.976578076,alpha
D29.8_79,-0.427264094,-2.928773086,delta
D29.8_80,-1.011057734,-7.306708019,delta
D29.8_81,-0.760612845,-3.405921619,delta
D29.8_82,6.346079469,8.584010918,alpha
D29.8_83,0.101755977,-7.57715575,delta
D29.8_84,6.101781964,5.994093735,alpha
D29.8_86,4.268619299,6.934158643,beta
D29.8_87,4.42783165,-11.80376975,beta
D29.8_88,-10.54429567,-2.316119592,duct
D29.8_90,5.002038598,-11.71219126,beta
D29.8_91,4.467019797,-10.0442702,beta
D29.8_94,4.641276479,-11.16329829,beta
D31.1_1,7.247000814,-9.176954906,beta
D31.1_2,3.67183286,5.001316865,alpha
D31.1_4,4.32188344,3.367853005,alpha
D31.1_5,-8.541411757,4.534950097,acinar
D31.1_6,0.873700738,-3.091082732,delta
D31.1_7,-9.940983176,5.544393857,acinar
D31.1_8,2.630388856,8.181452592,alpha
D31.1_9,-8.616704345,4.005411465,acinar
D31.1_10,5.093753457,-7.216547172,beta
D31.1_11,-9.034161925,3.35226043,beta
D31.1_12,-12.28326452,-3.949953716,duct
D31.1_14,7.62135756,-10.46348254,beta
D31.1_15,-0.293241858,-5.832447212,delta
D31.1_16,-10.52114236,-3.84472243,duct
D31.1_17,3.396824658,6.338759263,alpha
D31.1_19,-10.57181966,6.790306885,acinar
D31.1_20,8.077734113,-9.727723758,beta
D31.1_21,-8.55800569,5.287152608,acinar
D31.1_22,-11.0098995,5.978982289,acinar
D31.1_23,-2.962541461,8.868319829,mesenchymal
D31.1_24,3.826830983,4.665686686,alpha
D31.1_25,-9.583632827,5.412990411,acinar
D31.1_26,6.844134927,-9.735519092,beta
D31.1_27,-8.151487708,6.206202824,acinar
D31.1_28,6.177759767,-7.081460159,beta
D31.1_29,5.511745572,-7.602008502,beta
D31.1_31,5.724031091,3.150888999,alpha
D31.1_32,4.901326537,4.262618859,alpha
D31.1_33,0.658625722,-2.659706514,delta
D31.1_34,6.385391593,-7.434150378,beta
D31.1_35,5.20918262,4.643229087,alpha
D31.1_36,-2.159199118,7.880812485,mesenchymal
D31.1_38,8.254116178,-11.58004348,beta
D31.1_39,5.135284305,-6.544139545,duct
D31.1_40,4.769016624,4.215767224,alpha
D31.1_41,-16.64075792,-0.704960029,endothelial
D31.1_42,2.970838636,5.229073365,alpha
D31.1_43,5.483296752,3.372146685,alpha
D31.1_44,-10.20643747,6.804787953,acinar
D31.1_45,-9.969957709,7.114107449,acinar
D31.1_46,3.169977546,8.943636258,alpha
D31.1_47,7.479420304,-9.71755759,beta
D31.1_48,-9.48582685,5.201230843,acinar
D31.1_49,5.357091308,4.043480237,alpha
D31.1_50,-10.66753709,-3.882500331,duct
D31.1_51,-8.460820556,3.556001265,acinar
D31.1_52,6.014941096,3.037132819,alpha
D31.1_53,5.742306829,-9.675871532,beta
D31.1_54,7.105595231,-11.63429991,beta
D31.1_55,-10.81664979,-1.680604141,duct
D31.1_56,5.28096354,-7.043514888,beta
D31.1_58,-8.033455252,7.217239697,acinar
D31.1_59,3.119630993,6.526872475,alpha
D31.1_60,0.694810987,6.914772828,alpha
D31.1_61,5.097392678,3.103427251,alpha
D31.1_62,-11.33929765,-2.95420758,duct
D31.1_63,6.556194663,-8.298926036,beta
D31.1_64,3.238758207,8.140545686,alpha
D31.1_65,-3.487975478,2.903758605,pp
D31.1_66,-0.65865314,7.504457791,alpha
D31.1_67,2.881722927,6.998274644,alpha
D31.1_68,7.061920762,-11.98882739,beta
D31.1_69,4.17273891,4.176366885,alpha
D31.1_70,-7.681593299,7.993927796,acinar
D31.1_72,-9.803893447,-4.009513538,duct
D31.1_73,7.243965268,-9.672259013,beta
D31.1_74,5.373307586,-6.500367324,beta
D31.1_75,3.080729068,5.638273556,alpha
D31.1_76,-11.00426424,-2.216774385,duct
D31.1_77,-12.4319824,-1.871773164,duct
D31.1_78,4.483928204,3.606020053,alpha
D31.1_79,-4.509762645,2.088528474,pp
D31.1_80,-3.262647509,2.830868323,beta
D31.1_81,-3.00939548,2.008821447,pp
D31.1_82,-11.58325613,-3.28601567,duct
D31.1_83,-10.39054906,-4.619886558,duct
D31.1_84,-10.91442525,-4.460326831,duct
D31.1_85,4.176900864,5.565557797,alpha
D31.1_86,7.818374276,-9.449254672,beta
D31.1_87,3.32431519,6.544989426,alpha
D31.1_88,-8.310412764,7.849588235,acinar
D31.1_89,2.312071771,7.844786008,alpha
D31.1_90,-12.51631105,-3.607169788,duct
D31.1_91,5.849118829,3.419032414,alpha
D31.1_92,4.808751464,2.784480174,alpha
D31.1_93,-12.00241029,-4.094849746,duct
D31.2_1,6.301720262,-7.588341396,beta
D31.2_2,3.033552051,7.550350983,alpha
D31.2_3,5.885623574,-6.732931297,beta
D31.2_4,-2.941381812,9.600473721,duct
D31.2_5,-0.258498311,-3.927444618,delta
D31.2_6,-10.20482385,7.076295216,acinar
D31.2_7,2.689859478,6.227695306,alpha
D31.2_9,2.906652078,7.764293511,alpha
D31.2_10,-10.36221445,-2.509704749,duct
D31.2_11,4.931950689,3.674578507,alpha
D31.2_12,-0.123091817,-4.759308975,delta
D31.2_13,3.647657454,8.314017613,alpha
D31.2_14,4.361156821,2.881102402,alpha
D31.2_15,-7.669642806,7.478606541,acinar
D31.2_17,-11.50585592,-2.636912505,duct
D31.2_18,-7.487714171,8.153848012,acinar
D31.2_19,-3.106444239,9.515105565,mesenchymal
D31.2_20,-10.86551034,-4.060028236,duct
D31.2_21,-13.2650646,-4.66494147,duct
D31.2_22,5.546100497,4.149805386,alpha
D31.2_23,6.377991557,-7.640147846,beta
D31.2_24,-3.350287318,7.910302479,mesenchymal
D31.2_26,-7.126348853,7.982435544,acinar
D31.2_27,7.752052903,-10.8223149,beta
D31.2_28,5.874923349,-7.449503581,beta
D31.2_29,0.509272933,-3.970406692,delta
D31.2_30,-9.754955649,6.965937932,acinar
D31.2_31,5.371140838,3.889866431,alpha
D31.2_32,3.840536714,5.95261081,alpha
D31.2_33,4.672455073,4.870871384,alpha
D31.2_34,7.390856862,-9.716371219,beta
D31.2_35,-11.65569532,-3.2473859,duct
D31.2_36,0.37413466,-4.760226886,delta
D31.2_37,-10.97267854,-3.427438895,duct
D31.2_38,-10.89255464,5.787819703,acinar
D31.2_39,3.462230027,4.015774806,alpha
D31.2_40,-10.12558782,-4.087142627,duct
D31.2_41,-12.45531309,-1.980122726,duct
D31.2_43,8.522570253,-13.34016005,beta
D31.2_44,4.837521911,4.778389771,alpha
D31.2_45,3.085109443,7.798278649,alpha
D31.2_46,6.273131252,-12.97432582,beta
D31.2_47,5.94669807,-6.714058082,beta
D31.2_48,5.759042382,-7.142664115,beta
D31.2_49,4.850014091,-6.364418189,beta
D31.2_50,3.421226561,3.219728072,alpha
D31.2_52,7.971586347,-10.71899192,beta
D31.2_53,-11.34008348,5.468142827,acinar
D31.2_54,-10.81889951,-3.338360469,duct
D31.2_55,-3.965903163,2.604836185,pp
D31.2_56,3.314032555,8.65712579,alpha
D31.2_57,6.036758304,3.171413262,alpha
D31.2_58,7.170802236,-9.194842021,beta
D31.2_59,-13.45207536,-4.605360667,duct
D31.2_60,-3.48645103,2.453121503,pp
D31.2_61,-9.363397956,6.027524789,acinar
D31.2_62,-11.09820306,-1.598889272,mesenchymal
D31.2_63,4.224582315,4.384458144,alpha
D31.2_64,3.761080861,4.00887378,alpha
D31.2_65,5.963445783,-7.303462665,beta
D31.2_66,7.790997148,-10.7247111,beta
D31.2_67,4.609050155,3.612278302,alpha
D31.2_68,-11.12823236,-2.598062913,duct
D31.2_69,-9.740351081,6.957542737,acinar
D31.2_70,-0.093064427,-4.409650485,delta
D31.2_71,6.345250011,-8.294104259,beta
D31.2_72,5.823541761,-6.745648544,beta
D31.2_73,-10.67169893,-1.820979516,duct
D31.2_74,5.321092963,4.351245959,alpha
D31.2_75,-9.277037978,7.144632657,acinar
D31.2_76,-12.44570196,-4.093026321,duct
D31.2_77,-11.02281034,-4.615715186,duct
D31.2_78,-11.24548089,-1.709504287,duct
D31.2_79,0.849247337,-6.904190223,delta
D31.2_80,-3.159889102,8.902320225,mesenchymal
D31.2_81,4.430742502,5.876849015,alpha
D31.2_82,2.423724383,7.159511883,alpha
D31.2_83,-7.115493178,7.901081879,acinar
D31.2_84,-10.93167436,-4.468051116,duct
D31.2_85,-3.077729583,7.809648831,mesenchymal
D31.2_86,-6.860389113,7.580514271,acinar
D31.2_87,-9.626470923,3.869740088,duct
D31.2_89,4.217290402,4.526786645,alpha
D31.2_91,-2.842748046,9.269336064,mesenchymal
D31.2_92,6.179177404,-11.54521243,beta
D31.2_93,4.992081523,3.332070668,alpha
D31.2_94,-12.30603445,-4.131209533,duct
D31.3_1,-8.370892882,4.090951998,acinar
D31.3_2,4.458115459,5.204351266,alpha
D31.3_3,4.537608981,6.232254822,alpha
D31.3_4,6.131955028,-8.954737346,beta
D31.3_5,3.546037436,6.102140744,alpha
D31.3_10,5.203797937,-6.389856498,beta
D31.3_12,-10.72476137,-3.717585723,duct
D31.3_13,4.192675829,4.519825061,alpha
D31.3_14,-9.333037734,4.134336312,acinar
D31.3_15,-2.756292224,9.496733983,mesenchymal
D31.3_16,0.593680978,-3.838881175,delta
D31.3_17,6.861230493,-9.019225757,beta
D31.3_18,3.559679747,4.342515547,alpha
D31.3_19,4.740892291,5.567323048,alpha
D31.3_21,-10.86225545,-1.858072917,duct
D31.3_22,7.770267129,-13.19444529,beta
D31.3_23,-8.535206199,3.675382693,acinar
D31.3_24,4.275252223,5.51968034,alpha
D31.3_25,-8.194769263,4.721947987,duct
D31.3_26,-11.28310144,6.19693311,acinar
D31.3_27,2.611909785,5.242193063,alpha
D31.3_28,4.394630075,4.522425969,alpha
D31.3_29,2.989628315,6.202514966,alpha
D31.3_30,-3.537578463,3.033628304,pp
D31.3_31,7.005538583,-9.476886432,beta
D31.3_32,5.321445584,4.850038369,alpha
D31.3_33,7.068562627,-8.867193858,beta
D31.3_35,6.613637805,4.118766864,alpha
D31.3_36,-10.13625944,6.603717168,acinar
D31.3_37,-10.96156251,-2.643691938,duct
D31.3_38,6.231951118,3.571224768,alpha
D31.3_39,4.552272201,3.412174781,alpha
D31.3_40,-9.483718276,5.685510953,acinar
D31.3_41,0.587715984,-5.072394531,delta
D31.3_42,0.740258336,-7.023696105,delta
D31.3_43,6.327551961,-12.76313941,beta
D31.3_45,4.696670532,3.427916606,alpha
D31.3_46,2.887500122,7.432256062,alpha
D31.3_47,-8.661504149,4.517773707,duct
D31.3_48,-10.7357372,6.29708894,acinar
D31.3_50,7.989266515,-11.72354476,beta
D31.3_52,5.420395017,3.468387683,alpha
D31.3_53,-10.50742471,6.005894501,acinar
D31.3_54,-3.858522296,2.914848883,beta
D31.3_55,4.323236108,4.476796229,alpha
D31.3_56,-2.77545011,2.653533061,pp
D31.3_57,3.4701491,6.840721925,alpha
D31.3_59,-2.588219523,9.589936574,mesenchymal
D31.3_60,-8.808397651,7.504366238,acinar
D31.3_61,-3.430794596,3.021062691,pp
D31.3_62,-0.07457149,-5.379063766,delta
D31.3_63,-8.828327536,5.051737149,acinar
D31.3_64,-9.795627951,7.324638207,acinar
D31.3_65,-13.10984933,-3.99950711,duct
D31.3_66,6.930294156,-9.400588672,beta
D31.3_67,-0.946567178,-7.187560241,delta
D31.3_68,7.674516797,-9.648497264,beta
D31.3_69,-10.62276781,6.855497201,acinar
D31.3_70,4.824793458,5.113107522,alpha
D31.3_71,-16.24493158,-1.000791709,endothelial
D31.3_72,-4.805090785,3.051262934,pp
D31.3_73,-9.995356917,7.451378663,acinar
D31.3_75,6.442461372,-9.100746791,beta
D31.3_76,3.067918778,7.641234238,alpha
D31.3_77,-4.062033534,3.177850087,pp
D31.3_78,-9.071029067,3.491674264,acinar
D31.3_79,4.607426763,3.309740145,alpha
D31.3_80,4.9338063,-6.751165073,duct
D31.3_81,-12.7991184,-4.408281963,duct
D31.3_82,-12.16960371,-2.060481946,duct
D31.3_83,6.77190125,-10.24074904,beta
D31.3_84,3.345362842,7.378782113,alpha
D31.3_85,3.237357915,4.70504864,alpha
D31.3_86,-9.818732619,7.358240445,acinar
D31.3_87,7.88781178,-9.182997386,beta
D31.3_88,0.537578225,-4.645460288,delta
D31.3_89,-11.26957643,6.097564061,acinar
D31.3_90,2.804305539,7.382529576,alpha
D31.3_91,5.927010894,3.595061858,alpha
D31.3_92,5.244078517,-6.240556876,beta
D31.3_94,3.547095776,8.434470971,alpha
D31.4_1,4.024484754,4.151395877,alpha
D31.4_2,-0.575808883,-3.990834873,delta
D31.4_4,-4.45723474,2.85313781,pp
D31.4_5,2.88366133,7.843137105,alpha
D31.4_6,4.730741859,2.429246028,alpha
D31.4_7,4.540926218,5.065717538,alpha
D31.4_8,-0.430070996,-3.738136928,delta
D31.4_9,-9.482402205,6.570405801,acinar
D31.4_10,7.641699434,-9.947826068,beta
D31.4_11,4.801147103,3.696078141,alpha
D31.4_13,-10.79730833,6.795185883,acinar
D31.4_14,-7.848444342,6.74863847,acinar
D31.4_15,-3.024618506,2.77388223,pp
D31.4_16,-2.381910205,8.886703809,mesenchymal
D31.4_17,7.240881086,-11.15538851,beta
D31.4_18,3.399970651,3.811602671,alpha
D31.4_19,7.902866483,-9.939837138,beta
D31.4_20,4.25519681,3.750882466,alpha
D31.4_21,7.513047815,-10.37623469,beta
D31.4_22,4.769425035,3.956757863,alpha
D31.4_23,4.698515296,4.441400607,alpha
D31.4_24,3.90497613,3.672146638,alpha
D31.4_25,7.964739919,-10.79734198,beta
D31.4_26,5.409236074,4.64752825,alpha
D31.4_27,4.467456579,2.762181361,alpha
D31.4_28,0.016916871,-5.931344192,delta
D31.4_29,2.88188684,5.384643872,alpha
D31.4_30,4.970882297,4.354484875,alpha
D31.4_31,4.163486481,3.070005257,alpha
D31.4_32,4.506657958,5.544304211,alpha
D31.4_33,-12.45110929,-3.348246734,duct
D31.4_34,7.750731588,-10.1645848,beta
D31.4_35,-12.79721296,-3.731302898,duct
D31.4_36,-8.88096559,3.646962006,acinar
D31.4_37,-3.199612021,2.622851808,pp
D31.4_38,-10.9054321,-3.433839004,duct
D31.4_39,6.263744474,-7.700005214,beta
D31.4_40,-3.340133548,2.523912628,pp
D31.4_41,-8.745415091,7.673230012,acinar
D31.4_42,5.38553536,3.08621033,alpha
D31.4_43,-7.181496978,7.753477891,acinar
D31.4_44,5.470938564,-6.359532993,beta
D31.4_45,6.716174245,-10.39848963,beta
D31.4_46,0.375664354,-6.547908942,delta
D31.4_47,4.344502568,3.758205254,alpha
D31.4_48,-10.30696619,6.324309666,acinar
D31.4_49,6.893691659,-10.2558953,beta
D31.4_50,3.887255669,7.052314599,alpha
D31.4_51,5.554491162,-6.243570487,beta
D31.4_52,4.828594566,4.482795079,alpha
D31.4_53,2.812888511,7.415157635,alpha
D31.4_54,3.535154164,5.494602044,alpha
D31.4_55,-9.513641715,4.847530682,acinar
D31.4_56,-12.01841676,-4.221283119,duct
D31.4_57,-12.80356443,-4.62835757,duct
D31.4_58,7.680442453,-11.12281386,beta
D31.4_59,4.964141965,4.956505616,alpha
D31.4_60,0.839156628,-6.986801784,delta
D31.4_61,3.433140278,5.845888932,alpha
D31.4_62,-0.300182223,-3.695453803,delta
D31.4_63,6.185966373,-11.05197207,beta
D31.4_64,6.761780381,-11.24361865,beta
D31.4_65,6.410509467,-8.153361957,beta
D31.4_66,7.481030584,-10.5256621,beta
D31.4_67,-2.432999492,9.527976353,mesenchymal
D31.4_68,-10.23211229,-3.50949208,duct
D31.4_69,-11.07593095,-3.967924278,duct
D31.4_70,-9.46197927,6.00002559,acinar
D31.4_71,-12.60940778,-4.433887641,duct
D31.4_72,-8.284267783,7.472388585,acinar
D31.4_73,-11.1667875,-2.440431278,duct
D31.4_74,7.77466023,-11.09838263,delta
D31.4_75,6.571949601,-10.62648265,beta
D31.4_76,-11.20960081,-3.036095302,duct
D31.4_77,-10.80657709,-1.910589139,duct
D31.4_78,-0.229051232,-6.926404159,delta
D31.4_79,-6.947595954,7.878731091,pp
D31.4_80,3.030124426,7.017116387,alpha
D31.4_81,4.820372701,3.166571934,alpha
D31.4_82,5.695946574,-7.090215843,beta
D31.4_83,6.764989495,-10.56570498,beta
D31.4_84,2.958354324,4.004683573,alpha
D31.4_85,5.884558082,-10.19653289,beta
D31.4_87,3.77284205,6.300872643,alpha
D31.4_89,5.628663898,5.132865746,alpha
D31.4_90,-10.37594736,3.517207225,duct
D31.4_91,-8.450822234,7.665112336,acinar
D31.4_92,6.921848893,-9.898109119,beta
D31.4_93,-9.999549269,7.078610738,acinar
D31.4_94,5.907693982,-7.020309131,beta
D31.5_1,-10.53996885,6.782071431,acinar
D31.5_2,5.65437448,3.23808058,alpha
D31.5_3,8.488718152,-9.849368732,beta
D31.5_4,-9.578741431,5.844629605,acinar
D31.5_5,6.486285567,-10.37368552,beta
D31.5_8,5.683096051,3.845147212,alpha
D31.5_9,7.772759557,-9.470015209,beta
D31.5_10,4.320939303,5.708782037,alpha
D31.5_11,4.960763097,3.315077622,alpha
D31.5_12,4.288064599,4.220311959,alpha
D31.5_13,-12.35727155,-3.707356136,duct
D31.5_14,-13.35361803,-4.694655101,duct
D31.5_15,6.390898824,-9.881414096,beta
D31.5_16,-10.1771034,7.212168534,acinar
D31.5_17,3.255444169,7.432323773,alpha
D31.5_18,0.025831342,-3.377199333,delta
D31.5_19,-9.935958266,-4.346512477,duct
D31.5_20,3.454309464,8.36631902,alpha
D31.5_21,2.808092028,6.826258023,alpha
D31.5_22,6.694127917,-11.37649028,beta
D31.5_23,0.558099866,-6.84139363,delta
D31.5_24,5.567310453,3.206266959,alpha
D31.5_25,4.921319843,2.649828632,alpha
D31.5_26,7.847889066,-9.899219196,beta
D31.5_27,8.758652806,-11.9049565,beta
D31.5_29,7.646512628,-9.071068446,beta
D31.5_30,5.945461393,-8.068463008,beta
D31.5_32,7.352204919,-10.35864035,beta
D31.5_33,6.335837722,3.425494988,alpha
D31.5_34,-7.564978003,7.730273087,acinar
D31.5_35,3.898319364,7.548141797,alpha
D31.5_36,4.91200006,5.356404145,alpha
D31.5_37,-10.17764318,-2.875028293,duct
D31.5_38,5.68341744,-10.51976268,beta
D31.5_39,-10.70149457,6.963544686,acinar
D31.5_41,-10.90080869,-4.448728244,duct
D31.5_42,0.152425647,-4.883441608,delta
D31.5_44,3.040350825,8.607140858,alpha
D31.5_45,-8.821438193,4.668596823,acinar
D31.5_46,-0.372165322,-6.640665214,delta
D31.5_47,-2.8527807,9.571042378,duct
D31.5_48,-8.58656919,7.856980164,acinar
D31.5_49,4.252073288,4.757523854,alpha
D31.5_50,4.342684388,4.864017327,alpha
D31.5_51,-12.38779199,-2.548637788,duct
D31.5_52,8.285218358,-9.75984637,beta
D31.5_53,4.019611836,4.856173833,alpha
D31.5_54,3.046514452,6.004983266,alpha
D31.5_55,0.77891171,-4.081720512,delta
D31.5_56,4.573891521,6.956140835,alpha
D31.5_57,-7.205829024,7.50614198,acinar
D31.5_58,4.629733086,5.230677445,alpha
D31.5_59,5.400475621,5.515849431,alpha
D31.5_60,-9.208948493,7.29903539,acinar
D31.5_61,7.254109502,-10.07391612,beta
D31.5_62,3.821945787,7.171078522,alpha
D31.5_63,5.246165395,3.394967396,alpha
D31.5_64,-11.1416868,-4.097785156,duct
D31.5_65,-12.46409738,-4.527738254,duct
D31.5_66,5.057772994,3.189125617,alpha
D31.5_67,3.387339413,7.397690613,alpha
D31.5_68,4.451900959,5.392240842,alpha
D31.5_69,-9.16349256,3.638568719,acinar
D31.5_70,-9.381100058,7.154042561,acinar
D31.5_71,0.545356155,-4.874068897,delta
D31.5_72,-14.72205102,-0.021321516,duct
D31.5_73,-13.18207586,-4.343373935,duct
D31.5_74,7.729896665,-9.00660197,beta
D31.5_75,-9.606189132,4.234305937,acinar
D31.5_76,5.230620027,3.405808289,alpha
D31.5_77,-3.343828082,9.378769238,mesenchymal
D31.5_78,-2.979210257,8.602755387,mesenchymal
D31.5_79,-7.048508048,7.523409684,acinar
D31.5_80,5.964242101,-7.619782131,beta
D31.5_81,-11.21383798,-3.94390742,duct
D31.5_82,-2.541459441,9.034929593,mesenchymal
D31.5_83,-3.633774161,8.557142575,mesenchymal
D31.5_84,-0.534391045,-7.067301433,delta
D31.5_85,8.219406247,-9.913206737,beta
D31.5_86,3.4831689,3.961494048,alpha
D31.5_87,3.05559811,8.793577512,alpha
D31.5_88,4.957122922,2.561147649,alpha
D31.5_89,-10.55843294,6.318349202,acinar
D31.5_90,3.299534857,5.735479195,alpha
D31.5_91,-12.43386018,-2.682176273,duct
D31.5_92,-10.80771482,4.33505543,acinar
D31.5_93,5.684787393,3.71741422,alpha
D31.5_94,5.761347652,-8.242873828,beta
D31.6_1,-3.448418021,9.666318257,mesenchymal
D31.6_2,3.872659445,5.169736703,alpha
D31.6_4,-10.83790243,-4.598622958,duct
D31.6_5,-2.915115237,2.662203272,pp
D31.6_6,-16.75286233,-0.915934722,endothelial
D31.6_7,8.276784063,-10.35858981,beta
D31.6_9,-10.93901193,5.690982659,acinar
D31.6_10,4.445775628,4.16964062,alpha
D31.6_11,-9.840510726,5.665685017,acinar
D31.6_12,0.084458471,-6.913074176,delta
D31.6_13,-10.93231809,6.473604043,acinar
D31.6_15,7.435968518,-9.645875613,beta
D31.6_16,8.301662088,-9.481588046,beta
D31.6_18,2.866547942,7.930126507,alpha
D31.6_19,6.794839978,-10.44095675,beta
D31.6_20,7.601471543,-10.2389981,beta
D31.6_21,-7.809429526,7.993167718,acinar
D31.6_22,7.492457986,-9.347065608,beta
D31.6_23,-3.028814196,9.606620152,duct
D31.6_24,-10.72403848,5.235325177,acinar
D31.6_25,-0.637032628,3.477435906,epsilon
D31.6_27,-11.75333822,-3.696258704,duct
D31.6_28,-12.78212869,-2.68638746,duct
D31.6_29,-9.173011184,5.336904366,acinar
D31.6_30,5.606076598,3.180726607,alpha
D31.6_31,7.241132379,-10.45717398,beta
D31.6_32,-4.255396724,2.80031379,pp
D31.6_33,-10.00042188,4.544748624,acinar
D31.6_34,-12.5318855,-3.101473729,duct
D31.6_35,5.375467658,2.794102271,alpha
D31.6_36,4.730148673,4.39860924,alpha
D31.6_37,-11.56412446,-4.01333348,duct
D31.6_38,0.251132846,-3.021003883,delta
D31.6_39,-9.141985297,7.541025002,acinar
D31.6_40,-10.67819345,6.194657643,acinar
D31.6_41,-10.9646343,-3.049155156,duct
D31.6_42,5.537031293,-6.798094432,beta
D31.6_43,-10.82464063,5.838090737,acinar
D31.6_44,-11.72965085,-2.805942933,duct
D31.6_45,5.294435382,4.328288634,alpha
D31.6_46,-0.591795325,-3.877289932,delta
D31.6_47,6.724872709,-9.517283122,beta
D31.6_48,3.084465206,8.949546178,alpha
D31.6_49,7.390265584,-10.53030459,beta
D31.6_50,-11.46160734,-2.485349815,duct
D31.6_51,-10.91789377,-2.084271591,duct
D31.6_52,-7.568267226,7.322343667,acinar
D31.6_53,-10.89191663,5.37572511,acinar
D31.6_54,5.136150003,5.793333371,alpha
D31.6_55,4.960826516,3.880868275,alpha
D31.6_56,3.341064215,5.137526353,alpha
D31.6_57,-14.89077127,0.249202152,duct
D31.6_58,7.295802236,-9.572178523,beta
D31.6_59,5.869383455,4.482584555,alpha
D31.6_60,6.615391135,-10.26433913,beta
D31.6_61,-10.45284021,6.887973626,acinar
D31.6_62,-9.394749045,5.766749699,acinar
D31.6_63,4.831502557,3.065955241,alpha
D31.6_64,5.212666154,2.729476769,alpha
D31.6_65,7.365412355,-10.19876544,beta
D31.6_66,-8.627504706,7.368010361,acinar
D31.6_67,7.929196954,-11.61455313,beta
D31.6_68,-9.899246573,-3.394100349,duct
D31.6_69,-10.5443691,6.73804744,acinar
D31.6_70,-16.19259202,-0.940354984,endothelial
D31.6_71,-3.532853007,3.002766688,beta
D31.6_72,-10.71286333,-2.98354594,duct
D31.6_73,-16.56281221,-0.851699869,endothelial
D31.6_74,2.907055602,5.344738324,alpha
D31.6_75,-11.14815938,6.448819478,acinar
D31.6_76,6.864086747,-9.839772861,beta
D31.6_77,4.22207439,4.091203292,alpha
D31.6_79,-9.652301192,-4.448101203,duct
D31.6_80,6.516879678,-8.251757304,beta
D31.6_81,-10.36287153,4.082410653,acinar
D31.6_82,-12.11875284,-3.420618694,duct
D31.6_83,5.039605975,2.890629132,alpha
D31.6_84,-2.885846972,9.301944096,mesenchymal
D31.6_85,6.09160626,-9.916352908,beta
D31.6_86,-8.967110991,5.692671139,acinar
D31.6_87,8.007424474,-10.96113555,beta
D31.6_88,3.983331204,4.611452658,alpha
D31.6_89,4.216169954,3.845835049,alpha
D31.6_90,2.248955459,5.408569176,alpha
D31.6_91,3.640908539,4.328505833,alpha
D31.6_92,8.057955384,-9.519652049,beta
D31.6_93,-11.8947891,-3.800596874,duct
D31.6_94,5.328287244,4.087364514,alpha
D31.7_1,7.38741076,-9.640873592,beta
D31.7_2,5.624144435,4.286433776,alpha
D31.7_3,7.342628122,-9.441406886,beta
D31.7_4,-16.39169633,-1.471042077,endothelial
D31.7_6,2.662681554,7.984423001,alpha
D31.7_8,6.138777375,3.395147164,alpha
D31.7_9,-9.397798896,5.30078872,acinar
D31.7_10,-10.8881582,-4.740708511,beta
D31.7_11,-10.48241746,7.205453713,acinar
D31.7_14,4.127945304,6.066177685,alpha
D31.7_15,-3.11786735,2.850998719,pp
D31.7_16,-10.84184206,-2.668198983,duct
D31.7_17,5.84313643,3.436495145,alpha
D31.7_18,-10.54112375,-3.606672447,duct
D31.7_19,4.339627862,3.450581391,alpha
D31.7_20,-2.592938304,9.397433598,beta
D31.7_21,-7.250859618,7.993116219,acinar
D31.7_22,7.088349462,-10.01513163,beta
D31.7_23,-13.68227708,-4.417528312,duct
D31.7_25,5.57548511,3.745104392,alpha
D31.7_26,-10.30283296,-3.946079891,duct
D31.7_28,4.143795133,3.939144452,alpha
D31.7_29,-9.890005469,-3.717355888,duct
D31.7_30,4.801224113,3.070359547,alpha
D31.7_32,-16.15211236,-1.246883075,endothelial
D31.7_33,3.044152647,4.848159631,alpha
D31.7_34,4.942909599,-6.383902232,beta
D31.7_35,4.415089131,4.075339635,alpha
D31.7_36,3.654678166,8.467539628,alpha
D31.7_37,4.770413757,5.159406026,alpha
D31.7_38,-10.1902622,7.113975842,acinar
D31.7_39,7.131012082,-11.35725943,beta
D31.7_40,5.815732122,-6.911544006,beta
D31.7_41,4.680923343,3.860523541,alpha
D31.7_43,-14.50676668,-0.071768026,duct
D31.7_44,4.609444857,5.408176263,alpha
D31.7_45,7.634664178,-9.232218425,beta
D31.7_46,7.737012506,-13.20230548,beta
D31.7_47,7.583655,-10.14168612,beta
D31.7_48,-2.946123004,7.999794324,mesenchymal
D31.7_49,4.592662215,3.297421296,alpha
D31.7_50,2.562691242,5.054454644,alpha
D31.7_51,3.6493271,3.503961404,alpha
D31.7_53,8.143813729,-10.47479884,beta
D31.7_54,4.545754194,4.345211346,alpha
D31.7_55,7.152576089,-9.047318141,beta
D31.7_56,-10.92886674,-2.185610931,duct
D31.7_57,-12.5127815,-2.836406867,duct
D31.7_58,-8.291554808,4.303829749,beta
D31.7_59,7.009867311,-9.446897189,beta
D31.7_60,6.071962714,-7.586074512,beta
D31.7_61,2.056635916,6.458237012,alpha
D31.7_62,3.405398309,8.593134721,alpha
D31.7_63,-10.29777372,6.619086106,acinar
D31.7_64,4.947445512,3.354413588,alpha
D31.7_65,3.536166728,8.759532292,alpha
D31.7_66,0.264512897,-4.253466766,delta
D31.7_67,7.635277867,-11.25595538,beta
D31.7_68,4.624989033,6.27503856,alpha
D31.7_69,7.665073991,-9.337181728,beta
D31.7_70,-9.911725402,6.387491067,acinar
D31.7_71,3.812118173,4.892886002,alpha
D31.7_72,6.392099738,-9.188869159,beta
D31.7_73,-12.61288583,-3.293664615,duct
D31.7_74,8.286249757,-10.64793269,beta
D31.7_75,5.128921151,3.079580863,alpha
D31.7_76,6.853977323,-12.41695658,beta
D31.7_77,-9.652109504,6.991857846,acinar
D31.7_79,-3.903087497,3.169778426,beta
D31.7_80,4.979868293,3.886668999,alpha
D31.7_81,-0.484481215,-4.211206596,delta
D31.7_84,6.250970006,-12.71960227,beta
D31.7_85,7.011282087,-9.412274043,beta
D31.7_87,7.5115906,-11.60989539,beta
D31.7_89,-11.20219552,-2.343309562,duct
D31.7_91,7.846583009,-9.946611087,beta
D31.7_92,-3.511236071,1.949738701,pp
D31.7_93,2.157742262,6.667695363,alpha
D31.7_94,6.63082993,-9.24180762,beta
D31.8_1,0.413438201,-3.894067924,delta
D31.8_2,4.942117572,4.762432893,alpha
D31.8_3,7.84588635,-10.73063723,beta
D31.8_4,-10.25489557,5.770906289,acinar
D31.8_5,3.302255631,7.196009953,alpha
D31.8_6,2.992582083,8.261200745,alpha
D31.8_7,-9.793886542,6.444624741,acinar
D31.8_8,7.356064916,-9.133385341,beta
D31.8_9,4.970919728,3.54390939,alpha
D31.8_10,-3.800117373,2.371630748,pp
D31.8_11,-10.73727834,5.590521653,acinar
D31.8_12,4.931310058,5.257831891,alpha
D31.8_13,5.244808793,-7.140287559,beta
D31.8_14,3.796217084,4.458847602,alpha
D31.8_15,-4.249222159,1.82040592,pp
D31.8_17,0.682135463,-5.031900565,delta
D31.8_18,-2.810880542,8.325474103,mesenchymal
D31.8_19,-9.985224128,-3.899814288,duct
D31.8_20,-11.18942106,-4.260503928,duct
D31.8_21,7.173774362,-11.21431033,beta
D31.8_23,-11.74059236,-3.020826976,duct
D31.8_24,3.176517874,8.58418401,alpha
D31.8_25,-3.642612338,3.228890736,beta
D31.8_26,-3.744905352,2.323887308,pp
D31.8_27,-10.47627866,5.976023514,acinar
D31.8_28,-0.626781583,-6.984480064,delta
D31.8_29,5.098699212,-7.006340663,beta
D31.8_30,-10.03588808,-3.747558753,duct
D31.8_31,7.52898705,-10.94430606,beta
D31.8_33,5.196291328,2.719164212,alpha
D31.8_34,0.828980565,-2.876390855,delta
D31.8_36,-4.093999266,2.253970225,pp
D31.8_37,-12.86905706,-4.03112046,duct
D31.8_38,4.017480731,6.403278668,alpha
D31.8_39,-16.67001474,-0.944317262,endothelial
D31.8_40,-10.78938043,5.887497742,acinar
D31.8_41,8.13502419,-10.05457942,beta
D31.8_42,4.661201596,-6.284274261,delta
D31.8_43,6.62125361,-9.904534976,beta
D31.8_44,4.082191587,7.299356301,alpha
D31.8_45,-12.99318159,-3.792188327,duct
D31.8_46,4.807428241,4.875149567,alpha
D31.8_47,-2.758859992,7.977547486,endothelial
D31.8_48,6.685047507,-11.88167636,beta
D31.8_49,6.447481275,-10.97875468,beta
D31.8_50,5.590460181,-7.565723102,beta
D31.8_52,4.404754996,5.669902165,alpha
D31.8_53,-10.45409048,6.428600152,acinar
D31.8_56,-3.329925418,9.218962987,mesenchymal
D31.8_57,3.84640348,7.605997403,alpha
D31.8_58,-11.81148279,-4.180548827,duct
D31.8_60,7.988972783,-10.36965815,beta
D31.8_61,4.815692783,3.790650447,alpha
D31.8_62,3.766242385,6.993541558,alpha
D31.8_63,-9.380878806,4.343592961,acinar
D31.8_64,6.810339093,-8.811558406,beta
D31.8_65,2.63889575,5.213193734,alpha
D31.8_66,-0.251711011,-6.599096458,delta
D31.8_67,-4.716434359,2.483959038,pp
D31.8_69,0.638565421,-3.651096504,delta
D31.8_70,-3.461440444,2.7485586,pp
D31.8_71,0.082761169,-4.555016677,delta
D31.8_73,5.857832313,-6.806676547,beta
D31.8_74,5.478299976,-7.240692775,beta
D31.8_75,-10.86094797,-3.271814029,duct
D31.8_76,0.668672443,-5.112756889,delta
D31.8_77,-12.04651773,-2.130695741,duct
D31.8_78,6.968953252,-10.0535752,beta
D31.8_80,-10.89756048,-2.772935312,duct
D31.8_81,-8.646809935,3.997851451,acinar
D31.8_82,3.853648901,5.934113343,alpha
D31.8_83,6.566262365,-9.109602611,beta
D31.8_84,6.859752298,-10.72167746,beta
D31.8_85,-11.87885034,-3.931101005,duct
D31.8_86,2.339599997,6.60485204,alpha
D31.8_87,-3.295574546,2.559564312,pp
D31.8_88,8.227113366,-12.69358222,beta
D31.8_89,-10.82156599,5.904387791,acinar
D31.8_90,-10.03975046,-2.971904676,duct
D31.8_91,-8.823286414,3.790312607,acinar
D31.8_92,-2.626710295,8.468417485,mesenchymal
D31.8_93,3.684510648,8.112583001,alpha
D31.8_94,-11.18758619,-3.492396514,duct
D30.1_1,-10.6568588,4.538337548,acinar
D30.1_4,6.884410978,-12.61051528,alpha
D30.1_5,0.45500052,-3.673604648,delta
D30.1_6,0.352723479,-4.196651618,delta
D30.1_7,5.754909158,3.279885609,alpha
D30.1_9,2.221453667,6.415187676,alpha
D30.1_10,3.814418674,4.708660681,alpha
D30.1_13,-13.50263917,-3.83405606,duct
D30.1_14,7.393593908,-11.31943385,beta
D30.1_15,3.905268789,2.951773961,alpha
D30.1_16,2.420394808,2.848928054,alpha
D30.1_17,4.129949331,3.360734542,alpha
D30.1_19,-10.03571069,4.021933873,acinar
D30.1_20,1.302102447,-6.629247825,delta
D30.1_21,2.209452868,4.798802216,alpha
D30.1_22,-3.894489646,8.467802842,acinar
D30.1_23,2.822510645,3.867937405,alpha
D30.1_24,2.674302966,4.152063925,alpha
D30.1_25,-3.537096858,9.568796475,mesenchymal
D30.1_26,8.465498567,-11.91871897,beta
D30.1_27,3.68548888,3.421663125,alpha
D30.1_28,4.028001785,2.631429036,alpha
D30.1_29,-9.791198134,3.712930043,acinar
D30.1_30,-9.946840644,3.659302552,acinar
D30.1_31,-12.51215589,-2.611890952,duct
D30.1_33,6.025212169,-10.33005778,beta
D30.1_35,4.162559629,4.233181317,alpha
D30.1_36,-9.86090219,3.255191167,duct
D30.1_37,3.833963514,2.257007201,alpha
D30.1_38,3.627025128,2.977755149,alpha
D30.1_39,6.288387656,-11.83630625,beta
D30.1_40,2.714888471,3.045113642,alpha
D30.1_41,7.265931726,-13.53885905,alpha
D30.1_42,-12.68947732,-3.868783633,duct
D30.1_43,-12.92399251,-3.490991752,duct
D30.1_44,-16.3675245,-1.461952607,endothelial
D30.1_45,6.766618371,-11.80797927,beta
D30.1_46,-12.25438058,-3.758431594,duct
D30.1_47,4.962001443,3.045583327,alpha
D30.1_49,3.098563373,2.94017895,alpha
D30.1_51,6.478992343,-12.59969107,beta
D30.1_52,6.995092511,-13.145806,alpha
D30.1_53,7.136253953,-9.950706165,beta
D30.1_54,2.992159963,3.961063702,alpha
D30.1_55,-11.00248659,4.45648845,acinar
D30.1_56,1.614520073,4.459279378,alpha
D30.1_57,7.419352174,-12.09802405,beta
D30.1_58,2.268716723,4.827424844,alpha
D30.1_59,3.160476744,2.138342698,alpha
D30.1_60,1.60188818,5.951834519,alpha
D30.1_61,-11.01097047,5.510654767,acinar
D30.1_63,-9.923775077,3.825836737,acinar
D30.1_64,2.504166976,2.644687612,alpha
D30.1_65,5.739912868,-10.22128073,beta
D30.1_66,6.985060334,-12.91820304,alpha
D30.1_67,6.515944839,-12.17139308,beta
D30.1_69,4.836941838,-6.918808143,delta
D30.1_70,-2.835129142,8.75281461,mesenchymal
D30.1_71,3.606718481,3.173908551,alpha
D30.1_72,-10.0836004,6.469434102,acinar
D30.1_73,4.094395757,2.961662133,alpha
D30.1_74,7.27609551,-13.61342875,beta
D30.1_75,-0.770172477,7.436220486,alpha
D30.1_77,-16.28670251,-1.185701649,endothelial
D30.1_78,-12.22666299,-2.37535445,duct
D30.1_79,-3.142337203,8.214150746,mesenchymal
D30.1_81,2.018489301,4.819777329,alpha
D30.1_82,3.853491545,3.057639201,alpha
D30.1_83,0.894954682,-6.712256591,delta
D30.1_84,1.522055865,4.414051612,alpha
D30.1_85,7.962434888,-11.13446776,beta
D30.1_86,2.317481101,7.112014134,alpha
D30.1_87,1.936274231,4.394029696,alpha
D30.1_88,-13.37247789,-2.973886411,duct
D30.1_89,7.275590062,-11.9775788,beta
D30.1_90,2.851061836,3.759425481,alpha
D30.1_91,-10.67905748,6.210155804,acinar
D30.1_93,6.190769315,-11.56903044,beta
D30.1_94,8.104644418,-12.18550746,beta
D30.2_1,-9.985525489,6.305091698,acinar
D30.2_2,2.923556984,3.226132949,alpha
D30.2_3,1.352406025,-5.346173446,delta
D30.2_4,-13.35729349,-2.759848516,duct
D30.2_5,6.412952066,-13.82587973,alpha
D30.2_6,-3.035354495,8.441731293,mesenchymal
D30.2_7,7.793841481,-12.90704505,beta
D30.2_8,-3.937656283,2.821962674,pp
D30.2_9,-11.87731206,-2.397692601,duct
D30.2_10,3.285539091,2.066624363,alpha
D30.2_11,-10.36511552,4.203673918,acinar
D30.2_12,4.071639657,3.704864104,alpha
D30.2_13,1.232554197,6.098871072,alpha
D30.2_14,2.03745687,2.727315505,alpha
D30.2_15,2.026294887,4.506717999,alpha
D30.2_16,1.206350565,3.215591271,alpha
D30.2_17,-9.493728041,3.144814093,acinar
D30.2_18,2.540356308,2.921159585,alpha
D30.2_19,0.929581165,4.75260051,alpha
D30.2_20,1.762604773,-4.187083404,delta
D30.2_21,1.431914807,5.04350694,alpha
D30.2_22,0.756995082,-3.15204088,delta
D30.2_23,0.689045787,4.12840565,alpha
D30.2_24,3.33328867,2.821952183,alpha
D30.2_25,1.075602293,4.501951297,alpha
D30.2_26,1.528033257,-4.162946861,delta
D30.2_27,-8.904605269,7.822937329,acinar
D30.2_28,1.709748864,4.084667762,alpha
D30.2_29,-3.313197493,8.759764035,mesenchymal
D30.2_30,7.204616666,-12.45192782,beta
D30.2_31,4.712777972,-6.240122001,beta
D30.2_32,8.519196153,-12.4972388,beta
D30.2_33,7.883647084,-13.53712241,beta
D30.2_34,3.664967597,3.02068003,alpha
D30.2_35,-13.28924978,-2.753934781,duct
D30.2_37,2.988219142,6.596156438,alpha
D30.2_38,-15.0179323,0.374705423,duct
D30.2_39,3.342067301,-6.142918746,delta
D30.2_40,-11.5959295,-2.199446599,alpha
D30.2_41,-9.206802726,7.463550408,acinar
D30.2_42,-10.04061639,3.938282092,acinar
D30.2_43,-10.98465192,5.23063596,acinar
D30.2_44,7.215572,-11.41395728,beta
D30.2_45,-9.189264655,3.505380709,acinar
D30.2_46,7.081348539,-11.9137036,beta
D30.2_47,3.778674126,3.550130446,alpha
D30.2_48,7.910772443,-13.40950267,beta
D30.2_49,1.199152351,-7.088883559,delta
D30.2_50,-10.63361299,-4.476150672,duct
D30.2_51,-11.02367532,6.019804318,acinar
D30.2_52,1.039969206,-4.542033355,delta
D30.2_53,-10.58618963,3.990876992,acinar
D30.2_54,1.518113971,-5.321564834,delta
D30.2_55,7.868594289,-12.47407214,beta
D30.2_56,-10.7507242,5.579520066,acinar
D30.2_57,8.004345536,-12.71832816,beta
D30.2_58,-11.41647375,-2.359456937,duct
D30.2_59,-3.43245542,7.85954078,mesenchymal
D30.2_60,-9.381532073,5.576132138,acinar
D30.2_61,8.420208097,-13.37472502,beta
D30.2_62,6.654899955,-13.31871001,alpha
D30.2_65,1.308945775,4.595635493,alpha
D30.2_67,4.055426002,6.218196233,alpha
D30.2_68,2.31209442,4.437916358,alpha
D30.2_70,2.652329669,2.368856271,alpha
D30.2_71,7.849557519,-13.59633795,beta
D30.2_72,1.996440053,7.457338174,alpha
D30.2_73,1.754399002,2.490191777,alpha
D30.2_74,1.207131744,-5.445263068,delta
D30.2_75,1.753793836,-4.246464412,alpha
D30.2_76,-8.436107993,4.247680981,acinar
D30.2_77,-3.051448703,8.941314061,mesenchymal
D30.2_78,1.761872947,3.44250377,alpha
D30.2_79,-15.10058916,-0.087901692,duct
D30.2_80,1.881013811,3.024661381,alpha
D30.2_81,1.251580835,4.033164103,alpha
D30.2_82,1.280586243,-6.729052226,delta
D30.2_83,7.016109586,-12.7181174,alpha
D30.2_84,-3.773473143,8.834280331,duct
D30.2_85,0.837809444,4.469107707,alpha
D30.2_86,2.70804906,4.282007296,alpha
D30.2_87,7.766760469,-12.3232762,beta
D30.2_88,2.90060249,4.130526383,alpha
D30.2_89,1.501092911,-5.013692539,delta
D30.2_90,7.985519529,-12.89753215,beta
D30.2_91,1.691488624,5.912822087,alpha
D30.2_92,-3.901636481,8.858148892,mesenchymal
D30.2_93,-2.970699191,8.525352318,mesenchymal
D30.2_94,2.97576949,2.70166548,alpha
D30.3_1,2.505619005,3.371090253,alpha
D30.3_2,-9.50669992,3.657511313,acinar
D30.3_3,6.978616834,-9.624644916,beta
D30.3_4,1.412136316,6.256662209,alpha
D30.3_5,0.727038741,4.555027087,alpha
D30.3_6,-3.965507865,7.915051301,mesenchymal
D30.3_7,-1.993893981,8.158557732,mesenchymal
D30.3_8,-13.51214349,-3.456997554,duct
D30.3_9,7.371691346,-12.83639781,beta
D30.3_10,7.757956147,-12.77685706,beta
D30.3_11,2.372246683,2.234124501,alpha
D30.3_12,-12.90728986,-2.25847141,alpha
D30.3_13,7.434400201,-11.48669974,beta
D30.3_14,6.010497689,-8.542725246,beta
D30.3_15,-4.456591964,2.849140008,pp
D30.3_16,0.94329536,4.766738732,alpha
D30.3_17,-12.63848054,-3.819354217,duct
D30.3_18,0.6628021,-3.12927262,delta
D30.3_19,2.467004553,2.658261974,alpha
D30.3_20,1.993934691,3.014260371,alpha
D30.3_21,-3.211529136,2.202576835,pp
D30.3_22,1.485934854,-3.454444568,delta
D30.3_23,-0.021695971,-6.726472537,delta
D30.3_24,-9.381817221,2.803909857,alpha
D30.3_25,1.696211934,4.12090524,alpha
D30.3_26,2.043564618,5.878703435,alpha
D30.3_27,3.775969863,2.422035177,alpha
D30.3_28,2.893237591,4.624852736,alpha
D30.3_29,3.228179038,4.618501027,alpha
D30.3_30,3.140158326,3.784950574,alpha
D30.3_31,3.325787425,4.554970343,alpha
D30.3_32,-12.56744993,-3.40794007,duct
D30.3_33,3.647129238,2.894107659,alpha
D30.3_34,3.772423387,2.572855671,alpha
D30.3_35,1.509202123,5.123542626,alpha
D30.3_36,7.651569963,-12.7959067,beta
D30.3_37,3.858539462,2.97199424,alpha
D30.3_38,7.720056176,-11.78851954,beta
D30.3_39,-3.136570811,9.150577862,mesenchymal
D30.3_40,4.138642192,2.371754129,alpha
D30.3_41,1.168154597,4.284668763,alpha
D30.3_42,1.94042176,3.852416833,alpha
D30.3_43,-0.352488637,-7.206284206,delta
D30.3_44,1.81980139,4.677369673,alpha
D30.3_45,-10.50543439,5.462078412,acinar
D30.3_46,1.18216455,4.185940821,alpha
D30.3_47,1.287856102,4.359629233,alpha
D30.3_48,2.018497884,3.242790778,alpha
D30.3_49,-13.609712,-3.471202056,duct
D30.3_50,1.40093267,5.798618157,alpha
D30.3_51,7.138368726,-12.09099547,beta
D30.3_52,7.268378377,-12.86238066,beta
D30.3_53,8.408434987,-13.17856185,beta
D30.3_54,7.608775735,-12.46737353,beta
D30.3_55,7.868460298,-10.37422625,beta
D30.3_56,-13.14326417,-3.678322952,alpha
D30.3_57,6.841169,-13.62422244,alpha
D30.3_58,6.819084287,-12.34917132,beta
D30.3_59,-3.574546218,8.407139142,mesenchymal
D30.3_60,1.910755515,6.927227814,alpha
D30.3_61,-3.319820761,8.295009454,mesenchymal
D30.3_62,7.62648356,-12.66886584,delta
D30.3_63,-8.707624793,7.79092439,acinar
D30.3_64,0.973362804,5.381020863,alpha
D30.3_65,1.425556421,6.170822938,alpha
D30.3_67,6.237419725,-11.29680983,beta
D30.3_68,2.839251906,2.180230816,alpha
D30.3_69,1.258160711,-4.836399238,delta
D30.3_70,1.971342266,2.517569025,alpha
D30.3_71,6.763842225,-12.21709983,beta
D30.3_72,-3.712834716,8.871916135,mesenchymal
D30.3_73,6.656268239,-13.60710303,alpha
D30.3_74,2.885589019,3.28819998,alpha
D30.3_75,1.018219114,-4.900236766,delta
D30.3_76,1.33868742,-3.470166843,delta
D30.3_77,6.826276899,-12.35648505,beta
D30.3_78,6.950562597,-13.22757689,beta
D30.3_79,0.828408122,4.244266827,alpha
D30.3_80,0.567042232,4.354017813,alpha
D30.3_81,7.058116079,-10.41371505,beta
D30.3_82,1.473337054,-3.812403838,delta
D30.3_84,-14.74202096,0.083467741,duct
D30.3_86,0.976362348,3.621393759,alpha
D30.3_87,1.127319813,-3.712245147,delta
D30.3_88,2.346412927,3.921614249,alpha
D30.3_89,5.723199248,-8.010988872,beta
D30.3_90,-13.35627878,-4.366782348,duct
D30.3_91,-10.29486215,5.156885464,acinar
D30.3_92,2.137921751,4.512672503,alpha
D30.3_93,0.550680757,6.787595113,alpha
D30.3_94,-16.3422426,-1.259039204,endothelial
D30.4_1,7.990866304,-12.60008303,beta
D30.4_2,5.582021594,-6.673460166,beta
D30.4_3,3.843417883,3.449081261,alpha
D30.4_5,1.040986657,-2.978388707,delta
D30.4_6,1.30230403,5.457811196,alpha
D30.4_7,-13.38006341,-2.753759782,duct
D30.4_8,8.032364011,-13.67906443,beta
D30.4_9,5.432711244,-6.741075675,beta
D30.4_10,-2.855733752,8.777714093,mesenchymal
D30.4_11,1.551300407,5.152735074,alpha
D30.4_12,2.921114952,2.529484351,alpha
D30.4_13,-12.82269609,-2.389698903,duct
D30.4_14,1.656055927,-4.753462474,delta
D30.4_15,8.235114694,-12.68226401,beta
D30.4_16,-13.43360269,-3.452136199,alpha
D30.4_17,1.507724524,-4.002380054,delta
D30.4_18,-10.95991075,4.995234807,acinar
D30.4_19,2.328550875,6.710070451,alpha
D30.4_20,-0.307919144,3.564248641,alpha
D30.4_21,1.624891043,3.723604758,alpha
D30.4_22,1.02096653,-4.336033027,delta
D30.4_23,-8.898211837,3.360656817,alpha
D30.4_24,3.28912127,2.927255471,alpha
D30.4_25,3.590070963,3.102829297,alpha
D30.4_26,1.38613224,-4.063486259,delta
D30.4_27,-9.967607856,-4.655448596,duct
D30.4_28,1.324026823,-4.398990791,delta
D30.4_29,2.220200598,2.380652864,alpha
D30.4_30,-3.751513362,7.992417176,mesenchymal
D30.4_31,-13.89355981,-3.925188701,duct
D30.4_32,6.993620992,-12.94993941,alpha
D30.4_33,8.454522252,-12.10728995,beta
D30.4_34,5.766870856,-7.236419837,beta
D30.4_35,-3.374519706,9.159815152,mesenchymal
D30.4_36,3.345046818,2.976981719,alpha
D30.4_37,1.28187573,5.381117661,alpha
D30.4_38,-11.66112936,-2.615710656,duct
D30.4_39,1.792530418,5.589918931,alpha
D30.4_40,6.485932708,-13.30581824,alpha
D30.4_41,2.033992052,2.911411841,alpha
D30.4_42,-10.54725206,-2.785565297,duct
D30.4_43,2.650775504,6.978905995,alpha
D30.4_44,-12.46506536,-2.234150569,duct
D30.4_46,-13.51730096,-4.581661384,alpha
D30.4_47,2.261408717,2.877334674,alpha
D30.4_48,7.783955217,-11.10463969,beta
D30.4_49,2.228673518,6.983660062,alpha
D30.4_50,1.454473734,6.147654851,alpha
D30.4_51,-10.61604917,-1.792414586,alpha
D30.4_52,1.393986225,5.582318146,alpha
D30.4_53,-12.82419145,-3.207423847,duct
D30.4_54,1.411108971,3.413873751,alpha
D30.4_55,-3.306812167,8.740414937,mesenchymal
D30.4_59,1.225164652,-4.64158694,delta
D30.4_60,2.065404833,5.082182725,alpha
D30.4_61,7.539810777,-13.29492537,alpha
D30.4_62,-10.75341165,4.166626532,acinar
D30.4_63,6.573280931,-13.78711669,alpha
D30.4_64,-3.159216285,9.031818707,mesenchymal
D30.4_65,-14.35117662,-1.46972243,duct
D30.4_66,7.038895726,-13.47773329,alpha
D30.4_67,6.993384004,-11.3165137,beta
D30.4_68,1.823192001,2.464985092,alpha
D30.4_69,1.075072527,4.933625062,alpha
D30.4_71,8.214524388,-12.79767863,beta
D30.4_73,1.190920234,4.957099755,alpha
D30.4_74,1.924426139,4.372333605,alpha
D30.4_75,3.510102153,4.818724473,alpha
D30.4_76,7.215433717,-10.70240275,beta
D30.4_77,2.116462171,3.387940486,alpha
D30.4_78,-3.434844374,8.102411587,mesenchymal
D30.4_79,8.093966603,-12.55969111,beta
D30.4_80,0.340255618,-6.379061858,delta
D30.4_81,-6.988415122,7.797302087,acinar
D30.4_82,-7.689237952,7.825412591,acinar
D30.4_83,7.208531499,-9.667203586,beta
D30.4_85,1.842324495,6.023676713,alpha
D30.4_86,2.507078096,4.080995162,alpha
D30.4_87,0.876589298,5.027733643,alpha
D30.4_88,1.528894425,2.838356574,alpha
D30.4_90,7.849854112,-12.92181651,beta
D30.4_91,-13.75905168,-4.133183162,duct
D30.4_92,-11.92242181,-2.75086848,duct
D30.4_93,-10.9851898,-1.890334527,duct
D30.4_94,1.154434443,5.890319665,alpha
D30.5_3,-3.872932315,8.511837323,mesenchymal
D30.5_4,-4.081796527,8.344302018,mesenchymal
D30.5_5,-12.49064767,-4.377705257,duct
D30.5_7,7.268622518,-12.33871047,beta
D30.5_8,3.082262427,4.435959895,alpha
D30.5_9,-10.69194925,-3.256460588,duct
D30.5_10,3.483539164,3.586043437,alpha
D30.5_11,1.340274215,-6.781007926,delta
D30.5_12,1.181692004,-3.137951772,delta
D30.5_13,3.61507982,4.191242774,alpha
D30.5_14,3.571752489,2.372511943,alpha
D30.5_15,-3.278130412,8.452887852,mesenchymal
D30.5_17,0.620131374,-6.604519527,delta
D30.5_18,1.154071212,-6.892787616,delta
D30.5_20,2.705016423,4.080420096,alpha
D30.5_21,7.639003396,-11.1901137,beta
D30.5_22,-0.68902576,-7.070419471,delta
D30.5_23,1.140715122,2.981525023,alpha
D30.5_24,3.409871578,2.089805205,alpha
D30.5_26,4.542393089,5.305714448,alpha
D30.5_27,2.994532019,3.998433192,alpha
D30.5_28,2.438486248,4.876037438,alpha
D30.5_29,-2.878259063,8.829696973,mesenchymal
D30.5_31,-11.70734823,-2.932340781,duct
D30.5_32,6.543846727,-10.65440337,beta
D30.5_33,3.659928978,2.568815072,alpha
D30.5_34,-10.8132509,-2.028395812,duct
D30.5_35,1.370018959,-3.926579635,delta
D30.5_36,-9.524344802,3.313606818,acinar
D30.5_37,3.235061884,4.564384062,alpha
D30.5_38,-13.11852777,-2.471773784,duct
D30.5_39,2.473126039,3.654276927,alpha
D30.5_40,7.133612752,-10.08336035,beta
D30.5_41,-14.9468435,0.210358937,duct
D30.5_42,-13.08531511,-2.796411912,duct
D30.5_43,1.882309318,6.267599423,alpha
D30.5_44,-13.28716123,-4.763528983,duct
D30.5_45,-10.83804643,5.313364823,acinar
D30.5_46,-10.66230714,-3.915505569,duct
D30.5_48,3.552368045,3.457672675,alpha
D30.5_49,6.726401448,-11.08008734,beta
D30.5_50,-13.34721124,-4.246987979,duct
D30.5_51,3.892199397,2.91790541,alpha
D30.5_53,2.153334677,4.416640837,alpha
D30.5_54,2.619637281,3.148347934,alpha
D30.5_55,1.959050596,3.654251178,alpha
D30.5_56,7.612612367,-12.48245112,beta
D30.5_57,6.650818944,-12.02261702,beta
D30.5_58,-13.7400049,-3.772898834,duct
D30.5_59,-2.848674178,8.66009887,mesenchymal
D30.5_61,-13.63627183,-4.184154193,duct
D30.5_62,-0.745175004,7.444728215,alpha
D30.5_63,3.071157277,3.277369817,alpha
D30.5_64,-10.69103849,-2.365435045,duct
D30.5_65,3.941703081,3.658638795,alpha
D30.5_66,1.692720056,6.519314606,alpha
D30.5_67,1.769099295,4.238130172,alpha
D30.5_69,7.282578588,-11.16128508,beta
D30.5_70,1.354693771,3.975719054,alpha
D30.5_71,1.654891968,5.298909981,alpha
D30.5_72,-3.569143176,9.398261388,mesenchymal
D30.5_73,1.466101527,4.608623345,alpha
D30.5_74,-3.389181971,2.225678404,pp
D30.5_75,3.402173996,2.648203333,alpha
D30.5_76,0.853480697,-2.853718917,delta
D30.5_78,-13.43491304,-2.888204496,duct
D30.5_79,-10.03329408,3.699889977,acinar
D30.5_80,-3.660430789,8.73575433,mesenchymal
D30.5_81,-13.26606309,-3.467142265,duct
D30.5_82,1.159322977,-5.233679931,delta
D30.5_83,4.442731142,5.148711045,alpha
D30.5_84,2.626816422,5.015042622,alpha
D30.5_85,1.672501326,-3.377458732,delta
D30.5_88,2.034567595,3.325937588,alpha
D30.5_89,-8.429630637,7.952123482,acinar
D30.5_90,-3.917365432,8.009813626,mesenchymal
D30.5_91,1.056235433,-3.803845088,delta
D30.5_92,2.271921754,3.63157018,alpha
D30.5_93,1.805880368,3.086325486,alpha
D30.5_94,2.548706278,3.790965159,alpha
D30.6_1,1.089414001,5.015816529,alpha
D30.6_2,2.296976507,2.525752862,alpha
D30.6_3,-3.417809367,9.184215863,mesenchymal
D30.6_4,0.888335467,4.630335171,alpha
D30.6_5,-9.953777671,4.554620583,acinar
D30.6_6,1.384516835,-3.427260082,delta
D30.6_7,3.271952987,2.036747654,alpha
D30.6_9,4.459449053,2.397271474,alpha
D30.6_10,-3.991130709,8.287528355,mesenchymal
D30.6_11,6.660471559,-11.03210894,beta
D30.6_12,-10.70770204,-4.153328101,duct
D30.6_13,0.875021458,-4.913724582,delta
D30.6_14,7.228021264,-12.76828925,beta
D30.6_15,7.968374372,-11.77993647,beta
D30.6_16,3.340143085,3.859056313,alpha
D30.6_17,-3.619805217,8.143224557,mesenchymal
D30.6_18,6.828281045,-11.93401591,beta
D30.6_19,2.415948361,4.697805007,alpha
D30.6_20,-12.30546796,-3.262240331,duct
D30.6_21,8.314299703,-11.77288882,beta
D30.6_22,2.449905008,6.955861409,alpha
D30.6_23,-2.785629153,9.366865475,mesenchymal
D30.6_24,3.899994374,3.411257107,alpha
D30.6_25,-12.31282556,-2.793978612,duct
D30.6_26,2.293289364,4.565318902,alpha
D30.6_27,-3.994514346,8.64375623,mesenchymal
D30.6_28,-1.730579257,8.222366173,mesenchymal
D30.6_30,2.784557358,3.395469268,alpha
D30.6_31,2.700880756,3.035812218,alpha
D30.6_32,2.501335636,7.533903916,alpha
D30.6_33,1.612000823,6.87136348,alpha
D30.6_34,-13.83312929,-3.802355926,duct
D30.6_35,-0.224471688,-6.843516032,delta
D30.6_36,3.161338628,3.770480235,alpha
D30.6_37,-10.2325424,4.07057174,acinar
D30.6_38,6.372531772,-10.14977042,beta
D30.6_39,2.167418838,3.992186625,alpha
D30.6_40,-10.26105821,5.954299767,acinar
D30.6_41,3.179736227,3.504763205,alpha
D30.6_42,1.278089643,5.010876019,alpha
D30.6_44,-10.76399744,6.610098679,acinar
D30.6_45,2.288520932,5.813231309,alpha
D30.6_46,1.699033976,4.38378938,alpha
D30.6_47,7.505555272,-13.63461367,beta
D30.6_48,-10.14995134,-2.611612241,duct
D30.6_49,0.112133384,-6.74698941,delta
D30.6_50,2.654951014,3.818537314,alpha
D30.6_51,1.864996314,5.010586102,alpha
D30.6_52,-12.06487501,-3.242398183,duct
D30.6_53,1.709285915,-3.273875634,delta
D30.6_54,7.557710767,-13.53321616,beta
D30.6_55,2.612349309,4.504578669,alpha
D30.6_56,5.535401702,-9.59759299,beta
D30.6_57,-12.26457155,-3.028467576,duct
D30.6_58,1.454650045,-3.040179889,delta
D30.6_59,8.357610345,-11.99304263,beta
D30.6_60,6.435276866,-11.90770118,beta
D30.6_61,-11.13735712,-1.981963079,duct
D30.6_62,1.803075195,4.942380269,alpha
D30.6_63,3.02662167,2.650355895,alpha
D30.6_64,-13.49946535,-3.402419727,duct
D30.6_65,3.723846913,4.248299439,alpha
D30.6_66,2.164495111,5.363848527,alpha
D30.6_67,0.72261715,5.358588536,alpha
D30.6_68,5.888707519,-8.58154742,beta
D30.6_69,-13.63793886,-3.642904918,duct
D30.6_70,2.73667498,3.09341224,alpha
D30.6_71,3.657304466,3.618216355,alpha
D30.6_72,2.064972162,7.13792022,alpha
D30.6_74,0.977127791,3.81250294,alpha
D30.6_75,0.495919109,4.033531029,alpha
D30.6_76,6.877396703,-9.293072383,beta
D30.6_77,-12.19493043,-3.25247566,duct
D30.6_78,-11.5065273,-2.343907277,duct
D30.6_79,6.323783517,-9.1463782,beta
D30.6_80,-9.73506391,3.511957247,acinar
D30.6_81,2.070125878,3.696050246,alpha
D30.6_82,1.14907372,3.58881696,alpha
D30.6_83,8.315770745,-10.6021897,beta
D30.6_84,-3.162759185,9.476202328,mesenchymal
D30.6_85,3.133232862,3.677296479,alpha
D30.6_86,-11.12583673,-2.446179788,duct
D30.6_87,1.816613972,3.349723656,alpha
D30.6_88,1.869171381,2.758149464,alpha
D30.6_89,1.533916116,4.698057254,alpha
D30.6_90,-3.852945208,2.74002703,pp
D30.6_91,1.188057304,2.819408257,alpha
D30.6_92,0.535505653,-5.102323692,delta
D30.6_93,-3.953384757,8.024308045,mesenchymal
D30.6_94,6.748541475,-10.55933253,beta
D30.7_1,-9.284436583,5.945696194,acinar
D30.7_2,1.46216619,5.532526334,alpha
D30.7_3,7.503105283,-12.31449,beta
D30.7_4,8.105287194,-13.51155154,beta
D30.7_5,2.508032099,2.817804415,alpha
D30.7_6,1.452621341,4.103598674,alpha
D30.7_7,1.363658071,-2.973863523,delta
D30.7_8,3.70486629,6.694614251,alpha
D30.7_9,-0.174915433,7.222750981,alpha
D30.7_10,2.487552092,4.18620189,alpha
D30.7_11,-10.54375494,5.818519433,acinar
D30.7_12,2.475576148,4.017492135,alpha
D30.7_13,0.881799102,-5.252695243,delta
D30.7_14,1.184518814,4.513343413,alpha
D30.7_15,-10.77519929,-2.119354408,duct
D30.7_16,2.84977296,6.957368214,alpha
D30.7_17,-10.61209142,-4.139127414,duct
D30.7_18,1.21329236,4.903251012,alpha
D30.7_20,-9.741789222,6.863726933,acinar
D30.7_21,7.268602967,-13.36352698,beta
D30.7_22,7.4769665,-11.98698775,beta
D30.7_23,4.309107304,-6.274543445,delta
D30.7_24,-9.375161528,4.120610554,acinar
D30.7_25,3.779949784,3.271451552,alpha
D30.7_26,3.089706034,3.589906533,alpha
D30.7_28,-10.96289289,5.402880986,acinar
D30.7_29,0.658658862,-2.70212857,delta
D30.7_30,-2.952493071,8.716465314,mesenchymal
D30.7_31,1.247488737,-3.519744556,delta
D30.7_32,1.146973372,-3.353344123,delta
D30.7_33,-4.282989383,8.748812993,mesenchymal
D30.7_35,-13.80675638,-3.539310138,duct
D30.7_36,4.09808588,3.047348578,alpha
D30.7_38,-3.045450091,8.894086201,mesenchymal
D30.7_39,-10.18644178,4.555736382,acinar
D30.7_40,2.079640925,3.696058591,alpha
D30.7_41,2.206425965,7.652587254,alpha
D30.7_42,1.805267334,3.573851426,alpha
D30.7_43,2.88025868,3.760148604,alpha
D30.7_44,8.060290933,-13.7103583,beta
D30.7_45,2.131228566,5.567101319,alpha
D30.7_46,-11.88534582,-3.172857444,duct
D30.7_47,0.818700791,3.899901469,alpha
D30.7_48,6.690978408,-12.17519442,beta
D30.7_49,1.84626925,4.282031138,alpha
D30.7_51,-13.67220438,-4.407237212,duct
D30.7_52,1.18553257,4.590086539,alpha
D30.7_53,1.445634842,-5.694542091,delta
D30.7_54,7.065950513,-12.4484822,beta
D30.7_55,1.092725277,-3.656076591,delta
D30.7_56,8.546803594,-12.03243891,beta
D30.7_57,1.511147738,3.195694525,alpha
D30.7_60,3.252806366,2.965087254,alpha
D30.7_61,1.259471297,2.92301615,alpha
D30.7_62,7.293346048,-10.85725657,beta
D30.7_63,5.715125919,-7.190341632,beta
D30.7_64,2.764271148,3.279380639,alpha
D30.7_65,0.986222625,4.038378556,alpha
D30.7_66,1.346544147,5.985021432,alpha
D30.7_67,2.851317808,2.456765492,alpha
D30.7_68,1.013177037,3.887230475,alpha
D30.7_70,5.758954168,-10.47830741,beta
D30.7_71,1.97466594,5.133815129,alpha
D30.7_72,-3.089363456,8.496085484,mesenchymal
D30.7_73,1.607297778,4.82674249,alpha
D30.7_74,-12.08742082,-2.026408593,duct
D30.7_75,1.527021051,4.557514985,alpha
D30.7_76,7.083305001,-12.29324977,beta
D30.7_77,1.242842078,2.839951833,alpha
D30.7_78,1.587838412,3.028092702,alpha
D30.7_79,7.75931418,-13.19779841,beta
D30.7_80,7.381798387,-12.42384307,beta
D30.7_81,-2.871089816,8.494595845,mesenchymal
D30.7_82,6.058204055,-12.11539523,beta
D30.7_83,-11.65428293,-2.750808637,duct
D30.7_84,-2.564964175,9.454897244,duct
D30.7_85,-13.36210191,-2.982649247,duct
D30.7_86,-3.723957896,8.899484952,mesenchymal
D30.7_87,2.141443849,3.223339875,alpha
D30.7_88,-14.97349489,0.069405337,duct
D30.7_89,1.594106436,-4.373178165,delta
D30.7_90,-16.7675451,-1.1376702,endothelial
D30.7_91,-9.060404181,4.584286292,acinar
D30.7_92,2.429682136,3.58814152,alpha
D30.7_93,1.62563932,4.68064626,alpha
D30.7_94,8.485021234,-12.71366851,beta
D30.8_1,1.600834012,3.814372142,alpha
D30.8_2,1.837191105,4.17931803,alpha
D30.8_3,0.199818015,-4.783073585,delta
D30.8_4,-13.73729455,-3.53156964,duct
D30.8_5,1.998781264,3.605085213,alpha
D30.8_6,7.073025346,-12.10223738,beta
D30.8_7,2.367654592,4.181210597,alpha
D30.8_8,-13.84529626,-3.194628637,duct
D30.8_9,1.643606067,-3.445703189,delta
D30.8_10,3.167201221,3.149078925,alpha
D30.8_11,2.084746242,3.43359359,alpha
D30.8_12,6.969676137,-12.71589057,beta
D30.8_13,1.291296244,3.823700984,alpha
D30.8_14,8.025475145,-12.97710768,beta
D30.8_15,-2.826811671,8.098439534,mesenchymal
D30.8_16,-10.36528337,-2.274227302,beta
D30.8_17,6.656901717,-11.42119757,beta
D30.8_18,-2.651263594,8.959327061,mesenchymal
D30.8_19,2.178154528,4.229051669,alpha
D30.8_20,0.69105804,4.601601918,alpha
D30.8_21,-14.69864976,-0.747696798,duct
D30.8_22,-12.37016332,-2.885494153,beta
D30.8_23,2.938610584,2.999482949,alpha
D30.8_25,-3.765020251,8.464594681,mesenchymal
D30.8_26,2.085210622,5.181614239,alpha
D30.8_27,7.803969979,-12.33046309,beta
D30.8_28,1.705304027,4.538896401,alpha
D30.8_29,-12.9246639,-2.126318614,duct
D30.8_31,3.688607753,5.589083035,alpha
D30.8_32,1.190431118,-3.46743695,delta
D30.8_33,-10.80407941,4.695146878,acinar
D30.8_34,-16.54857767,-0.949468176,endothelial
D30.8_35,7.381858945,-12.49046008,beta
D30.8_36,-8.434386611,7.635560353,acinar
D30.8_37,-9.485093474,4.180256207,acinar
D30.8_38,-11.79303586,-3.602176349,duct
D30.8_39,3.822206736,4.083565314,alpha
D30.8_40,-0.036770701,-3.223567407,delta
D30.8_43,1.23203373,4.818691571,alpha
D30.8_44,1.322652817,5.440330823,alpha
D30.8_45,6.732999444,-11.80031935,beta
D30.8_46,7.873574853,-13.80310313,beta
D30.8_47,2.605490133,3.444959719,alpha
D30.8_48,3.940983057,2.214392979,alpha
D30.8_49,5.425054193,-9.923845928,beta
D30.8_50,-3.571192145,9.303543408,mesenchymal
D30.8_51,7.824547887,-11.46744315,beta
D30.8_52,2.057329893,3.178316195,alpha
D30.8_53,1.103579283,6.506779034,alpha
D30.8_54,2.882332131,4.641433556,alpha
D30.8_55,1.081879378,-4.04656903,delta
D30.8_57,-2.675866008,8.660072167,mesenchymal
D30.8_59,8.141969323,-11.90249697,beta
D30.8_60,-2.943321109,8.987175305,mesenchymal
D30.8_62,5.536391854,-8.820510547,beta
D30.8_63,-9.884751677,3.925309737,acinar
D30.8_64,1.748184502,6.671433766,alpha
D30.8_65,-10.78829992,4.091549237,acinar
D30.8_66,1.05537343,-6.898024719,delta
D30.8_67,1.196225643,5.640338261,alpha
D30.8_68,8.648013711,-12.51190058,beta
D30.8_69,-9.744028449,3.62221225,acinar
D30.8_70,2.507688791,2.72608002,alpha
D30.8_71,1.191085696,5.492736657,alpha
D30.8_73,6.814136148,-10.90354602,beta
D30.8_74,6.810741067,-12.58632342,beta
D30.8_75,1.638013721,2.806793292,alpha
D30.8_76,1.458177567,5.099253018,alpha
D30.8_77,1.581632018,3.907797654,alpha
D30.8_78,0.858297587,3.561298688,alpha
D30.8_79,2.865866453,3.015569289,alpha
D30.8_80,8.537305951,-12.00176398,beta
D30.8_81,-10.59104574,5.269245465,acinar
D30.8_82,-12.92291391,-4.354390304,duct
D30.8_83,1.969573617,3.226995309,alpha
D30.8_84,-10.94381082,4.472376902,acinar
D30.8_85,8.099197507,-13.65746085,beta
D30.8_86,1.398594976,-5.427091758,delta
D30.8_87,-16.77402818,-0.770808856,endothelial
D30.8_88,1.179100156,-5.206738632,delta
D30.8_89,2.818049446,3.122352917,alpha
D30.8_90,0.867910624,3.531400998,alpha
D30.8_91,-3.398851275,8.212163766,mesenchymal
D30.8_92,1.362847567,5.145033677,alpha
D30.8_93,-12.11887395,-3.506926219,duct
D30.8_94,-2.429065585,9.408626874,mesenchymal
